name,osc_path,data_type,osc_min,osc_max,rw,description,units,value_feedback
[Aux Outputs] Alternate Solo,/Aux_Outputs/*/alternate_solo,Float,0,1,RW,Aux output alternate solo state - MAYBE?,,
[Aux Outputs] Auto Solo,/Aux_Outputs/*/auto_solo,Float,0,3,RW,"Aux output automatic solo routing selection: OFF, Solo 1, Solo 2, or both",,
[Aux Outputs] Buss Trim/Name,/Aux_Outputs/*/Buss_Trim/name,String,,,RW,Aux output name.,,
[Aux Outputs] Buss Trim/Phase,/Aux_Outputs/*/Buss_Trim/phase,BFloat,0,1,RW,Aux output signal polarity (phase) state,,
[Aux Outputs] Buss Trim/Post Meter,/Aux_Outputs/*/Buss_Trim/post_meter,Float,2,2,RW,Aux output post-fader signal meter reading,,
[Aux Outputs] Buss Trim/Post Meter/Right,/Aux_Outputs/*/Buss_Trim/post_meter/right,Float,2,2,RW,Aux output right-channel meter reading,,
[Aux Outputs] Buss Trim/Pre Meter,/Aux_Outputs/*/Buss_Trim/pre_meter,Float,2,2,RW,Aux output pre-fader signal meter reading,,
[Aux Outputs] Buss Trim/Pre Meter/Right,/Aux_Outputs/*/Buss_Trim/pre_meter/right,Float,0,2,RW,Aux output right-channel meter reading,,
[Aux Outputs] Buss Trim/Trim,/Aux_Outputs/*/Buss_Trim/trim,Float,-40,60,RW,Aux output digital input trim,dB,
[Aux Outputs] Buss Trim/Tube Meter/Left,/Aux_Outputs/*/Buss_Trim/tube_meter/left,Float,2,2,RW,Aux output left-channel meter reading,,
[Aux Outputs] Buss Trim/Tube Meter/Right,/Aux_Outputs/*/Buss_Trim/tube_meter/right,Float,2,2,RW,Aux output right-channel meter reading,,
[Aux Outputs] CGs_level,/Aux_Outputs/*/CGs_level,Float,-150,10,RW,Aux output Control Group send level,dB,
[Aux Outputs] CGs_mute,/Aux_Outputs/*/CGs_mute,BFloat,0,1,RW,Aux output Control Group mute state,,
[Aux Outputs] Channel Delay/Delay,/Aux_Outputs/*/Channel_Delay/delay,Float,0,1300,RW,Aux output channel delay time,ms,
[Aux Outputs] Channel Delay/delay_on,/Aux_Outputs/*/Channel_Delay/delay_on,BFloat,0,1,RW,Aux output channel delay enable state,,
[Aux Outputs] Channel Delay/fine_delay,/Aux_Outputs/*/Channel_Delay/fine_delay,Float,-127,127,RW,Fine channel delay adjustment,samples,
[Aux Outputs] Dynamics/comp_all_gain,/Aux_Outputs/*/Dynamics/comp_all_gain,Float,0,40,RW,Compressor overall makeup gain,dB,
[Aux Outputs] Dynamics/comp_all_thresh,/Aux_Outputs/*/Dynamics/comp_all_thresh,Float,-60,0,RW,Compressor overall threshold,dB,
[Aux Outputs] Dynamics/comp_attack_1,/Aux_Outputs/*/Dynamics/comp_attack_1,Float,0.02,100,RW,Compressor band 1 attack time,ms,
[Aux Outputs] Dynamics/comp_attack_2,/Aux_Outputs/*/Dynamics/comp_attack_2,Float,0.02,100,RW,Compressor band 2 attack time,ms,
[Aux Outputs] Dynamics/comp_attack_3,/Aux_Outputs/*/Dynamics/comp_attack_3,Float,0.02,100,RW,Compressor band 3 attack time,ms,
[Aux Outputs] Dynamics/comp_auto-gain_1,/Aux_Outputs/*/Dynamics/comp_auto-gain_1,BFloat,0,1,RW,Compressor band 1 auto-gain state,,
[Aux Outputs] Dynamics/comp_auto-gain_2,/Aux_Outputs/*/Dynamics/comp_auto-gain_2,BFloat,0,1,RW,Compressor band 2 auto-gain state,,
[Aux Outputs] Dynamics/comp_auto-gain_3,/Aux_Outputs/*/Dynamics/comp_auto-gain_3,BFloat,0,1,RW,Compressor band 3 auto-gain state,,
[Aux Outputs] Dynamics/comp_auto-gain_4,/Aux_Outputs/*/Dynamics/comp_auto-gain_4,BFloat,0,1,RW,Compressor band 4 auto-gain state,,
[Aux Outputs] Dynamics/comp_band_in_1,/Aux_Outputs/*/Dynamics/comp_band_in_1,BFloat,0,1,RW,Compressor band 1 enable state,,
[Aux Outputs] Dynamics/comp_band_in_2,/Aux_Outputs/*/Dynamics/comp_band_in_2,BFloat,0,1,RW,Compressor band 2 enable state,,
[Aux Outputs] Dynamics/comp_band_in_3,/Aux_Outputs/*/Dynamics/comp_band_in_3,BFloat,0,1,RW,Compressor band 3 enable state,,
[Aux Outputs] Dynamics/comp_gain_1,/Aux_Outputs/*/Dynamics/comp_gain_1,Float,0,40,RW,Compressor band 1 makeup gain,dB,
[Aux Outputs] Dynamics/comp_gain_2,/Aux_Outputs/*/Dynamics/comp_gain_2,Float,0,40,RW,Compressor band 2 makeup gain,dB,
[Aux Outputs] Dynamics/comp_gain_3,/Aux_Outputs/*/Dynamics/comp_gain_3,Float,0,40,RW,Compressor band 3 makeup gain,dB,
[Aux Outputs] Dynamics/comp_gain_4,/Aux_Outputs/*/Dynamics/comp_gain_4,Float,0,40,RW,Compressor band 4 makeup gain,dB,
[Aux Outputs] Dynamics/comp_HP_crossover,/Aux_Outputs/*/Dynamics/comp_HP_crossover,Float,20,20000,RW,Compressor high-pass crossover frequency,Hz,
[Aux Outputs] Dynamics/comp_in,/Aux_Outputs/*/Dynamics/comp_in,BFloat,0,1,RW,Compressor enable state,,
[Aux Outputs] Dynamics/comp_knee_1,/Aux_Outputs/*/Dynamics/comp_knee_1,Float,0,2,RW,Compressor band 1 knee,,
[Aux Outputs] Dynamics/comp_knee_2,/Aux_Outputs/*/Dynamics/comp_knee_2,Float,0,2,RW,Compressor band 2 knee,,
[Aux Outputs] Dynamics/comp_knee_3,/Aux_Outputs/*/Dynamics/comp_knee_3,Float,0,2,RW,Compressor band 3 knee,,
[Aux Outputs] Dynamics/comp_knee_4,/Aux_Outputs/*/Dynamics/comp_knee_4,Float,0,2,RW,Compressor band 4 knee,,
[Aux Outputs] Dynamics/comp_listen_1,/Aux_Outputs/*/Dynamics/comp_listen_1,BFloat,0,1,RW,Compressor band 1 listen state - MAYBE?,,
[Aux Outputs] Dynamics/comp_listen_2,/Aux_Outputs/*/Dynamics/comp_listen_2,BFloat,0,1,RW,Compressor band 2 listen state - MAYBE?,,
[Aux Outputs] Dynamics/comp_listen_3,/Aux_Outputs/*/Dynamics/comp_listen_3,BFloat,0,1,RW,Compressor band 3 listen state - MAYBE?,,
[Aux Outputs] Dynamics/comp_LP_crossover,/Aux_Outputs/*/Dynamics/comp_LP_crossover,Float,20,20000,RW,Compressor low-pass crossover frequency,Hz,
[Aux Outputs] Dynamics/comp_ratio_1,/Aux_Outputs/*/Dynamics/comp_ratio_1,Float,1,50,RW,Compressor band 1 ratio,:1,
[Aux Outputs] Dynamics/comp_ratio_2,/Aux_Outputs/*/Dynamics/comp_ratio_2,Float,1,50,RW,Compressor band 2 ratio,:1,
[Aux Outputs] Dynamics/comp_ratio_3,/Aux_Outputs/*/Dynamics/comp_ratio_3,Float,1,50,RW,Compressor band 3 ratio,:1,
[Aux Outputs] Dynamics/comp_ratio_4,/Aux_Outputs/*/Dynamics/comp_ratio_4,Float,1,50,RW,Compressor band 4 ratio,:1,
[Aux Outputs] Dynamics/comp_release_1,/Aux_Outputs/*/Dynamics/comp_release_1,Float,1,10000,RW,Compressor band 1 release time,ms,
[Aux Outputs] Dynamics/comp_release_2,/Aux_Outputs/*/Dynamics/comp_release_2,Float,1,10000,RW,Compressor band 2 release time,ms,
[Aux Outputs] Dynamics/comp_release_3,/Aux_Outputs/*/Dynamics/comp_release_3,Float,1,10000,RW,Compressor band 3 release time,ms,
[Aux Outputs] Dynamics/comp_thresh_1,/Aux_Outputs/*/Dynamics/comp_thresh_1,Float,-60,0,RW,Compressor band 1 threshold,dB,
[Aux Outputs] Dynamics/comp_thresh_2,/Aux_Outputs/*/Dynamics/comp_thresh_2,Float,-60,0,RW,Compressor band 2 threshold,dB,
[Aux Outputs] Dynamics/comp_thresh_3,/Aux_Outputs/*/Dynamics/comp_thresh_3,Float,-60,0,RW,Compressor band 3 threshold,dB,
[Aux Outputs] Dynamics/Comp-Multiband-Desser,/Aux_Outputs/*/Dynamics/comp-multiband-desser,Float,0,2,RW,Dynamics Mode,,
[Aux Outputs] Dynamics/desser_centre_freq,/Aux_Outputs/*/Dynamics/desser_centre_freq,Float,0,255,RW,De-esser centre frequency,,
[Aux Outputs] Dynamics/desser_freq_width,/Aux_Outputs/*/Dynamics/desser_freq_width,Float,0,255,RW,De-esser frequency width,,
[Aux Outputs] Dynamics/gate_attack,/Aux_Outputs/*/Dynamics/gate_attack,Float,0.05,100,RW,Gate attack time,ms,
[Aux Outputs] Dynamics/gate_centre_freq,/Aux_Outputs/*/Dynamics/gate_centre_freq,Float,0,255,RW,Gate/ducker centre frequency,,
[Aux Outputs] Dynamics/gate_freq_width,/Aux_Outputs/*/Dynamics/gate_freq_width,Float,0,255,RW,Gate/ducker frequency width,,
[Aux Outputs] Dynamics/gate_hold,/Aux_Outputs/*/Dynamics/gate_hold,Float,2,2000,RW,Gate hold time,ms,
[Aux Outputs] Dynamics/gate_in,/Aux_Outputs/*/Dynamics/gate_in,BFloat,0,1,RW,Gate enable state,,
[Aux Outputs] Dynamics/gate_range,/Aux_Outputs/*/Dynamics/gate_range,Float,0,90,RW,Gate range,dB,
[Aux Outputs] Dynamics/gate_release,/Aux_Outputs/*/Dynamics/gate_release,Float,5,10000,RW,Gate release time,ms,
[Aux Outputs] Dynamics/gate_thresh,/Aux_Outputs/*/Dynamics/gate_thresh,Float,-60,0,RW,Gate threshold,dB,
[Aux Outputs] Dynamics/GR Meter 1,/Aux_Outputs/*/Dynamics/GR_meter_1,Float,255,255,RW,Aux output dynamics band 1 gain-reduction meter reading,,
[Aux Outputs] Dynamics/GR Meter 2,/Aux_Outputs/*/Dynamics/GR_meter_2,Float,255,255,RW,Aux output dynamics band 2 gain-reduction meter reading,,
[Aux Outputs] Dynamics/GR Meter 3,/Aux_Outputs/*/Dynamics/GR_meter_3,Float,255,255,RW,Aux output dynamics band 3 gain-reduction meter reading,,
[Aux Outputs] Dynamics/GR Meter 4,/Aux_Outputs/*/Dynamics/GR_meter_4,Float,255,255,RW,Aux output dynamics band 4 gain-reduction meter reading,,
[Aux Outputs] Dynamics/Input Meter/Left,/Aux_Outputs/*/Dynamics/input_meter/left,Float,0,0,RW,Aux output left-channel meter reading,,
[Aux Outputs] Dynamics/Input Meter/Right,/Aux_Outputs/*/Dynamics/input_meter/right,Float,0,0,RW,Aux output right-channel meter reading,,
[Aux Outputs] Dynamics/key_solo,/Aux_Outputs/*/Dynamics/key_solo,BFloat,0,1,RW,Dynamics sidechain key solo/listen state,,
[Aux Outputs] EQ/dynamic_eq_on_1,/Aux_Outputs/*/EQ/dynamic_eq_on_1,BFloat,0,1,RW,Dynamic EQ band 1 enable state,,
[Aux Outputs] EQ/dynamic_eq_on_2,/Aux_Outputs/*/EQ/dynamic_eq_on_2,BFloat,0,1,RW,Dynamic EQ band 2 enable state,,
[Aux Outputs] EQ/dynamic_eq_on_3,/Aux_Outputs/*/EQ/dynamic_eq_on_3,BFloat,0,1,RW,Dynamic EQ band 3 enable state,,
[Aux Outputs] EQ/dynamic_eq_on_4,/Aux_Outputs/*/EQ/dynamic_eq_on_4,BFloat,0,1,RW,Dynamic EQ band 4 enable state,,
[Aux Outputs] EQ/eq_attack_1,/Aux_Outputs/*/EQ/eq_attack_1,Float,0.5,100,RW,EQ band 1 dynamic EQ attack time,ms,
[Aux Outputs] EQ/eq_attack_2,/Aux_Outputs/*/EQ/eq_attack_2,Float,0.5,100,RW,EQ band 2 dynamic EQ attack time,ms,
[Aux Outputs] EQ/eq_attack_3,/Aux_Outputs/*/EQ/eq_attack_3,Float,0.5,100,RW,EQ band 3 dynamic EQ attack time,ms,
[Aux Outputs] EQ/eq_attack_4,/Aux_Outputs/*/EQ/eq_attack_4,Float,0.5,100,RW,EQ band 4 dynamic EQ attack time,ms,
[Aux Outputs] EQ/eq_curve_1,/Aux_Outputs/*/EQ/eq_curve_1,Float,1,4,RW,EQ band 1 filter curve selection,,
[Aux Outputs] EQ/eq_curve_2,/Aux_Outputs/*/EQ/eq_curve_2,Float,1,4,,EQ band 2 filter curve selection,,
[Aux Outputs] EQ/eq_curve_3,/Aux_Outputs/*/EQ/eq_curve_3,Float,1,4,,EQ band 3 filter curve selection,,
[Aux Outputs] EQ/eq_curve_4,/Aux_Outputs/*/EQ/eq_curve_4,Float,1,4,RW,EQ band 4 filter curve selection,,
[Aux Outputs] EQ/eq_freq_1,/Aux_Outputs/*/EQ/eq_freq_1,Float,20,20000,RW,EQ band 1 frequency,Hz,
[Aux Outputs] EQ/eq_freq_2,/Aux_Outputs/*/EQ/eq_freq_2,Float,20,20000,RW,EQ band 2 frequency,Hz,
[Aux Outputs] EQ/eq_freq_3,/Aux_Outputs/*/EQ/eq_freq_3,Float,20,20000,RW,EQ band 3 frequency,Hz,
[Aux Outputs] EQ/eq_freq_4,/Aux_Outputs/*/EQ/eq_freq_4,Float,20,20000,RW,EQ band 4 frequency,Hz,
[Aux Outputs] EQ/eq_gain_1,/Aux_Outputs/*/EQ/eq_gain_1,Float,-18,18,RW,EQ band 1 gain,dB,
[Aux Outputs] EQ/eq_gain_2,/Aux_Outputs/*/EQ/eq_gain_2,Float,-18,18,RW,EQ band 2 gain,dB,
[Aux Outputs] EQ/eq_gain_3,/Aux_Outputs/*/EQ/eq_gain_3,Float,-18,18,RW,EQ band 3 gain,dB,
[Aux Outputs] EQ/eq_gain_4,/Aux_Outputs/*/EQ/eq_gain_4,Float,-18,18,RW,EQ band 4 gain,dB,
[Aux Outputs] EQ/eq_in,/Aux_Outputs/*/EQ/eq_in,BFloat,0,1,RW,Equalizer enable state,,
[Aux Outputs] EQ/eq_on_1,/Aux_Outputs/*/EQ/eq_on_1,BFloat,0,1,RW,EQ band 1 enable state,,
[Aux Outputs] EQ/eq_on_2,/Aux_Outputs/*/EQ/eq_on_2,BFloat,0,1,RW,EQ band 2 enable state,,
[Aux Outputs] EQ/eq_on_3,/Aux_Outputs/*/EQ/eq_on_3,BFloat,0,1,RW,EQ band 3 enable state,,
[Aux Outputs] EQ/eq_on_4,/Aux_Outputs/*/EQ/eq_on_4,BFloat,0,1,RW,EQ band 4 enable state,,
[Aux Outputs] EQ/eq_over-under_1,/Aux_Outputs/*/EQ/eq_over-under_1,BFloat,0,1,RW,EQ band 1 dynamic EQ over/under mode,,
[Aux Outputs] EQ/eq_over-under_2,/Aux_Outputs/*/EQ/eq_over-under_2,BFloat,0,1,RW,EQ band 2 dynamic EQ over/under mode,,
[Aux Outputs] EQ/eq_over-under_3,/Aux_Outputs/*/EQ/eq_over-under_3,BFloat,0,1,RW,EQ band 3 dynamic EQ over/under mode,,
[Aux Outputs] EQ/eq_over-under_4,/Aux_Outputs/*/EQ/eq_over-under_4,BFloat,0,1,RW,EQ band 4 dynamic EQ over/under mode,,
[Aux Outputs] EQ/eq_Q_1,/Aux_Outputs/*/EQ/eq_Q_1,Float,0.1,20,RW,EQ band 1 Q / bandwidth,,
[Aux Outputs] EQ/eq_Q_2,/Aux_Outputs/*/EQ/eq_Q_2,Float,0.1,20,RW,EQ band 2 Q / bandwidth,,
[Aux Outputs] EQ/eq_Q_3,/Aux_Outputs/*/EQ/eq_Q_3,Float,0.1,20,RW,EQ band 3 Q / bandwidth,,
[Aux Outputs] EQ/eq_Q_4,/Aux_Outputs/*/EQ/eq_Q_4,Float,0.1,20,RW,EQ band 4 Q / bandwidth,,
[Aux Outputs] EQ/eq_ratio_1,/Aux_Outputs/*/EQ/eq_ratio_1,Float,1,10,RW,EQ band 1 dynamic EQ ratio,:1,
[Aux Outputs] EQ/eq_ratio_2,/Aux_Outputs/*/EQ/eq_ratio_2,Float,1,10,RW,EQ band 2 dynamic EQ ratio,:1,
[Aux Outputs] EQ/eq_ratio_3,/Aux_Outputs/*/EQ/eq_ratio_3,Float,1,10,RW,EQ band 3 dynamic EQ ratio,:1,
[Aux Outputs] EQ/eq_ratio_4,/Aux_Outputs/*/EQ/eq_ratio_4,Float,1,10,RW,EQ band 4 dynamic EQ ratio,:1,
[Aux Outputs] EQ/eq_release_1,/Aux_Outputs/*/EQ/eq_release_1,Float,10,10000,RW,EQ band 1 dynamic EQ release time,ms,
[Aux Outputs] EQ/eq_release_2,/Aux_Outputs/*/EQ/eq_release_2,Float,10,10000,RW,EQ band 2 dynamic EQ release time,ms,
[Aux Outputs] EQ/eq_release_3,/Aux_Outputs/*/EQ/eq_release_3,Float,10,10000,RW,EQ band 3 dynamic EQ release time,ms,
[Aux Outputs] EQ/eq_release_4,/Aux_Outputs/*/EQ/eq_release_4,Float,10,10000,RW,EQ band 4 dynamic EQ release time,ms,
[Aux Outputs] EQ/eq_symm_Q_1,/Aux_Outputs/*/EQ/eq_symm_Q_1,BFloat,0,1,RW,EQ band 1 symmetric Q mode,,
[Aux Outputs] EQ/eq_symm_Q_2,/Aux_Outputs/*/EQ/eq_symm_Q_2,BFloat,0,1,RW,EQ band 2 symmetric Q mode,,
[Aux Outputs] EQ/eq_symm_Q_3,/Aux_Outputs/*/EQ/eq_symm_Q_3,BFloat,0,1,RW,EQ band 3 symmetric Q mode,,
[Aux Outputs] EQ/eq_symm_Q_4,/Aux_Outputs/*/EQ/eq_symm_Q_4,BFloat,0,1,RW,EQ band 4 symmetric Q mode,,
[Aux Outputs] EQ/eq_thresh_1,/Aux_Outputs/*/EQ/eq_thresh_1,Float,-60,0,RW,EQ band 1 dynamic EQ threshold,dB,
[Aux Outputs] EQ/eq_thresh_2,/Aux_Outputs/*/EQ/eq_thresh_2,Float,-60,0,RW,EQ band 2 dynamic EQ threshold,dB,
[Aux Outputs] EQ/eq_thresh_3,/Aux_Outputs/*/EQ/eq_thresh_3,Float,-60,0,RW,EQ band 3 dynamic EQ threshold,dB,
[Aux Outputs] EQ/eq_thresh_4,/Aux_Outputs/*/EQ/eq_thresh_4,Float,-60,0,RW,EQ band 4 dynamic EQ threshold,dB,
[Aux Outputs] EQ/GR Meter 1,/Aux_Outputs/*/EQ/GR_meter_1,Float,255,255,RW,Aux output dynamics band 1 gain-reduction meter reading,,
[Aux Outputs] EQ/GR Meter 2,/Aux_Outputs/*/EQ/GR_meter_2,Float,255,255,RW,Aux output dynamics band 2 gain-reduction meter reading,,
[Aux Outputs] EQ/GR Meter 3,/Aux_Outputs/*/EQ/GR_meter_3,Float,255,255,RW,Aux output dynamics band 3 gain-reduction meter reading,,
[Aux Outputs] EQ/GR Meter 4,/Aux_Outputs/*/EQ/GR_meter_4,Float,255,255,RW,Aux output dynamics band 4 gain-reduction meter reading,,
[Aux Outputs] Fader,/Aux_Outputs/*/fader,Float,-150,10,RW,Aux output fader level.,dB,
[Aux Outputs] Fader Meter/Left,/Aux_Outputs/*/fader_meter/left,Float,2,2,RW,Aux output left-channel meter reading,,
[Aux Outputs] Fader Meter/Right,/Aux_Outputs/*/fader_meter/right,Float,2,2,RW,Aux output right-channel meter reading,,
[Aux Outputs] Filters/Hi Filter Freq,/Aux_Outputs/*/Filters/hi_filter_freq,Float,20,20000,RW,High-pass filter cutoff frequency,Hz,
[Aux Outputs] Filters/Hi Filter In,/Aux_Outputs/*/Filters/hi_filter_in,BFloat,0,1,RW,High-pass filter enable state,,
[Aux Outputs] Filters/Lo Filter Freq,/Aux_Outputs/*/Filters/lo_filter_freq,Float,20,20000,RW,Low-pass filter cutoff frequency,Hz,
[Aux Outputs] Filters/Lo Filter In,/Aux_Outputs/*/Filters/lo_filter_in,BFloat,0,1,RW,Low-pass filter enable state,,
[Aux Outputs] Hard Mute,/Aux_Outputs/*/hard_mute,BFloat,0,1,RW,Hard mute state,,
[Aux Outputs] Insert/insert_A_in,/Aux_Outputs/*/Insert/insert_A_in,BFloat,0,1,RW,Insert A enable state,,
[Aux Outputs] Insert/insert_B_in,/Aux_Outputs/*/Insert/insert_B_in,BFloat,0,1,RW,Insert B enable state,,
[Aux Outputs] Mute,/Aux_Outputs/*/mute,BFloat,0,1,RW,Aux output mute state.,,
[Aux Outputs] Output/Dir Meter/Left,/Aux_Outputs/*/Output/dir_meter/left,Float,0,0,RW,Aux output left-channel meter reading,,
[Aux Outputs] Output/Dir Meter/Right,/Aux_Outputs/*/Output/dir_meter/right,Float,0,0,RW,Aux output right-channel meter reading,,
[Aux Outputs] Output/Meter/Centre,/Aux_Outputs/*/Output/meter/centre,Float,0,0,RW,Aux output centre-channel meter reading,,
[Aux Outputs] Output/Meter/Left,/Aux_Outputs/*/Output/meter/left,Float,0,0,RW,Aux output left-channel meter reading,,
[Aux Outputs] Output/Meter/LFE,/Aux_Outputs/*/Output/meter/LFE,Float,0,0,RW,Aux output LFE-channel meter reading,,
[Aux Outputs] Output/Meter/Right,/Aux_Outputs/*/Output/meter/right,Float,0,0,RW,Aux output right-channel meter reading,,
[Aux Outputs] Output/Meter/SL,/Aux_Outputs/*/Output/meter/SL,Float,0,0,RW,Aux output surround-left meter reading,,
[Aux Outputs] Output/Meter/SR,/Aux_Outputs/*/Output/meter/SR,Float,0,0,RW,Aux output surround-right meter reading,,
[Aux Outputs] Output/Meter2,/Aux_Outputs/*/Output/meter2,Float,0,0,RW,Aux output output meter 2 reading - MAYBE?,,
[Aux Outputs] Output/Meter4,/Aux_Outputs/*/Output/meter4,Float,0,0,RW,Aux output output meter 4 reading - MAYBE?,,
[Aux Outputs] Sends To Faders,/Aux_Outputs/*/sends_to_faders,BFloat,0,1,RW,Sends-to-faders mode state,,
[Aux Outputs] Sends To Rotaries,/Aux_Outputs/*/sends_to_rotaries,BFloat,0,1,RW,Sends-to-rotaries mode state,,
[Aux Outputs] Solo,/Aux_Outputs/*/solo,BFloat,0,1,RW,Aux output solo state,,
[Aux Outputs] Solo 1 Or 2,/Aux_Outputs/*/solo_1_or_2,Float,0,2,RW,"Aux output solo bus routing: Solo 1, Solo 2, or both",,
[Console] Aux Outputs,/Console/Aux_Outputs,Int,12,36,R,Reports the number of aux outputs configured on the console.,,
[Console] Aux Outputs/Modes,/Console/Aux_Outputs/modes,Int,1,2,R,Mono/stereo format for the selected channels or outputs,,
[Console] Channels,/Console/Channels,NoArgs,,,R,Reports counts for the console channel and output sections.,,
[Console] Control Groups,/Console/Control_Groups,Int,12,24,R,Reports the number of Control Groups configured on the console.,,
[Console] Graphic EQ,/Console/Graphic_EQ,Int,16,24,RW,Reports the number of graphic EQs configured on the console.,,
[Console] Group Outputs,/Console/Group_Outputs,Int,1,12,R,Reports the number of group outputs configured on the console.,,
[Console] Group Outputs/Modes,/Console/Group_Outputs/modes,Int,1,6,R,Mono/stereo format for the selected channels or outputs,,
[Console] Input Channels,/Console/Input_Channels,Int,48,128,R,Reports the number of input channels configured on the console.,,
[Console] Input Channels/Group Sends,/Console/Input_Channels/*/group_sends,Int,0,0,R,Group send states,,
[Console] Input Channels/Modes,/Console/Input_Channels/modes,Int,1,2,R,Mono/stereo format for the selected channels or outputs,,
[Console] Matrix Inputs,/Console/Matrix_Inputs,Int,12,24,R,Reports the number of matrix inputs configured on the console.,,
[Console] Matrix Inputs/Send Levels,/Console/Matrix_Inputs/*/send_levels,Float,-150,-150,RW,Send level values for selected items - MAYBE?,,
[Console] Matrix Inputs/Send Ons,/Console/Matrix_Inputs/*/send_ons,BInt,0,0,RW,Send enable states for selected items - MAYBE?,,
[Console] Matrix Outputs,/Console/Matrix_Outputs,Int,8,24,RW,Reports the number of matrix outputs configured on the console.,,
[Console] Multis,/Console/Multis,Int,0,1,RW,Reports the number of multis configured on the console.,,
[Console] Name,/Console/Name,String,,,RW,Console name.,,
[Console] Session/!,/Console/Session/!,Int,0,0,RW,Command trigger or query response - MAYBE?,,
[Console] Session/Filename,/Console/Session/Filename,String,,,RW,Name of the current session file.,,
[Console] Talkback Outputs,/Console/Talkback_Outputs,Int,2,2,RW,Reports the number of talkback outputs configured on the console.,,
[Control Groups] Aux Send,/Control_Groups/*/aux_send,Float,-18,18,RW,Aux send level,dB,
[Control Groups] Fader,/Control_Groups/*/fader,Float,-150,10,RW,Control Group fader level.,dB,
[Control Groups] Mute,/Control_Groups/*/mute,BFloat,0,1,RW,Control Group mute state.,,
[Control Groups] Name,/Control_Groups/*/name,String,,,RW,Control Group name.,,
[Control Groups] Solo,/Control_Groups/*/solo,Float,0,1,RW,Control Group solo state.,,
[Graphic EQ] geq_gain_1,/Graphic_EQ/*/geq_gain_1,Float,-12,12,RW,Graphic EQ band 1 gain,dB,
[Graphic EQ] geq_gain_2,/Graphic_EQ/*/geq_gain_2,Float,-12,12,RW,Graphic EQ band 2 gain,dB,
[Graphic EQ] geq_gain_3,/Graphic_EQ/*/geq_gain_3,Float,-12,12,RW,Graphic EQ band 3 gain,dB,
[Graphic EQ] geq_gain_4,/Graphic_EQ/*/geq_gain_4,Float,-12,12,RW,Graphic EQ band 4 gain,dB,
[Graphic EQ] geq_gain_5,/Graphic_EQ/*/geq_gain_5,Float,-12,12,RW,Graphic EQ band 5 gain,dB,
[Graphic EQ] geq_gain_6,/Graphic_EQ/*/geq_gain_6,Float,-12,12,RW,Graphic EQ band 6 gain,dB,
[Graphic EQ] geq_gain_7,/Graphic_EQ/*/geq_gain_7,Float,-12,12,RW,Graphic EQ band 7 gain,dB,
[Graphic EQ] geq_gain_8,/Graphic_EQ/*/geq_gain_8,Float,-12,12,RW,Graphic EQ band 8 gain,dB,
[Graphic EQ] geq_gain_9,/Graphic_EQ/*/geq_gain_9,Float,-12,12,RW,Graphic EQ band 9 gain,dB,
[Graphic EQ] geq_gain_10,/Graphic_EQ/*/geq_gain_10,Float,-12,12,RW,Graphic EQ band 10 gain,dB,
[Graphic EQ] geq_gain_11,/Graphic_EQ/*/geq_gain_11,Float,-12,12,RW,Graphic EQ band 11 gain,dB,
[Graphic EQ] geq_gain_12,/Graphic_EQ/*/geq_gain_12,Float,-12,12,RW,Graphic EQ band 12 gain,dB,
[Graphic EQ] geq_gain_13,/Graphic_EQ/*/geq_gain_13,Float,-12,12,RW,Graphic EQ band 13 gain,dB,
[Graphic EQ] geq_gain_14,/Graphic_EQ/*/geq_gain_14,Float,-12,12,RW,Graphic EQ band 14 gain,dB,
[Graphic EQ] geq_gain_15,/Graphic_EQ/*/geq_gain_15,Float,-12,12,RW,Graphic EQ band 15 gain,dB,
[Graphic EQ] geq_gain_16,/Graphic_EQ/*/geq_gain_16,Float,-12,12,RW,Graphic EQ band 16 gain,dB,
[Graphic EQ] geq_gain_17,/Graphic_EQ/*/geq_gain_17,Float,-12,12,RW,Graphic EQ band 17 gain,dB,
[Graphic EQ] geq_gain_18,/Graphic_EQ/*/geq_gain_18,Float,-12,12,RW,Graphic EQ band 18 gain,dB,
[Graphic EQ] geq_gain_19,/Graphic_EQ/*/geq_gain_19,Float,-12,12,RW,Graphic EQ band 19 gain,dB,
[Graphic EQ] geq_gain_20,/Graphic_EQ/*/geq_gain_20,Float,-12,12,RW,Graphic EQ band 20 gain,dB,
[Graphic EQ] geq_gain_21,/Graphic_EQ/*/geq_gain_21,Float,-12,12,RW,Graphic EQ band 21 gain,dB,
[Graphic EQ] geq_gain_22,/Graphic_EQ/*/geq_gain_22,Float,-12,12,RW,Graphic EQ band 22 gain,dB,
[Graphic EQ] geq_gain_23,/Graphic_EQ/*/geq_gain_23,Float,-12,12,RW,Graphic EQ band 23 gain,dB,
[Graphic EQ] geq_gain_24,/Graphic_EQ/*/geq_gain_24,Float,-12,12,RW,Graphic EQ band 24 gain,dB,
[Graphic EQ] geq_gain_25,/Graphic_EQ/*/geq_gain_25,Float,-12,12,RW,Graphic EQ band 25 gain,dB,
[Graphic EQ] geq_gain_26,/Graphic_EQ/*/geq_gain_26,Float,-12,12,RW,Graphic EQ band 26 gain,dB,
[Graphic EQ] geq_gain_27,/Graphic_EQ/*/geq_gain_27,Float,-12,12,RW,Graphic EQ band 27 gain,dB,
[Graphic EQ] geq_gain_28,/Graphic_EQ/*/geq_gain_28,Float,-12,12,RW,Graphic EQ band 28 gain,dB,
[Graphic EQ] geq_gain_29,/Graphic_EQ/*/geq_gain_29,Float,-12,12,RW,Graphic EQ band 29 gain,dB,
[Graphic EQ] geq_gain_30,/Graphic_EQ/*/geq_gain_30,Float,-12,12,RW,Graphic EQ band 30 gain,dB,
[Graphic EQ] geq_gain_31,/Graphic_EQ/*/geq_gain_31,Float,-12,12,RW,Graphic EQ band 31 gain,dB,
[Graphic EQ] geq_gain_32,/Graphic_EQ/*/geq_gain_32,Float,-12,12,RW,Graphic EQ band 32 gain,dB,
[Graphic EQ] geq_in,/Graphic_EQ/*/geq_in,BFloat,0,1,RW,Graphic EQ enable state,,
[Graphic EQ] Name,/Graphic_EQ/*/name,String,,,RW,Graphic EQ name.,,
[Group Outputs] Alternate Solo,/Group_Outputs/*/alternate_solo,Float,0,1,RW,Group output alternate solo state - MAYBE?,,
[Group Outputs] Auto Solo,/Group_Outputs/*/auto_solo,Float,0,3,RW,"Group output automatic solo routing selection: OFF, Solo 1, Solo 2, or both",,
[Group Outputs] Aux Send/Send Level,/Group_Outputs/*/Aux_Send/*/send_level,Float,-150,10,RW,Send level,dB,
[Group Outputs] Aux Send/Send On,/Group_Outputs/*/Aux_Send/*/send_on,BFloat,0,1,RW,Send enable state,,
[Group Outputs] Aux Send/Send Pan,/Group_Outputs/*/Aux_Send/*/send_pan,Float,-1,1,RW,Send pan position,,
[Group Outputs] Aux Send/Send Pre-Post,/Group_Outputs/*/Aux_Send/*/send_pre-post,Float,0,2,RW,Send pre-fader or post-fader tap point,,
[Group Outputs] Buss Trim/Name,/Group_Outputs/*/Buss_Trim/name,String,,,RW,Group output name.,,
[Group Outputs] Buss Trim/Phase,/Group_Outputs/*/Buss_Trim/phase,BFloat,0,1,RW,Group output signal polarity (phase) state,,
[Group Outputs] Buss Trim/Post Meter,/Group_Outputs/*/Buss_Trim/post_meter,Float,2,2,RW,Group output post-fader signal meter reading,,
[Group Outputs] Buss Trim/Post Meter/Right,/Group_Outputs/*/Buss_Trim/post_meter/right,Float,2,2,RW,Group output right-channel meter reading,,
[Group Outputs] Buss Trim/Pre Meter,/Group_Outputs/*/Buss_Trim/pre_meter,Float,2,2,RW,Group output pre-fader signal meter reading,,
[Group Outputs] Buss Trim/Pre Meter/Right,/Group_Outputs/*/Buss_Trim/pre_meter/right,Float,2,2,RW,Group output right-channel meter reading,,
[Group Outputs] Buss Trim/Trim,/Group_Outputs/*/Buss_Trim/trim,Float,-40,60,RW,Group output digital input trim,dB,
[Group Outputs] Buss Trim/Tube Meter/Left,/Group_Outputs/*/Buss_Trim/tube_meter/left,Float,2,2,RW,Group output left-channel meter reading,,
[Group Outputs] Buss Trim/Tube Meter/Right,/Group_Outputs/*/Buss_Trim/tube_meter/right,Float,2,2,RW,Group output right-channel meter reading,,
[Group Outputs] CGs_level,/Group_Outputs/*/CGs_level,Float,-150,10,RW,Group output Control Group send level - MAYBE?,dB,
[Group Outputs] CGs_mute,/Group_Outputs/*/CGs_mute,BFloat,0,1,RW,Group output Control Group mute state,,
[Group Outputs] Channel Delay/Delay,/Group_Outputs/*/Channel_Delay/delay,Float,0,1300,RW,Group output channel delay time,ms,
[Group Outputs] Channel Delay/delay_on,/Group_Outputs/*/Channel_Delay/delay_on,BFloat,0,1,RW,Group output channel delay enable state,,
[Group Outputs] Channel Delay/fine_delay,/Group_Outputs/*/Channel_Delay/fine_delay,Float,-127,127,RW,Fine channel delay adjustment,samples,
[Group Outputs] Dynamics/comp_all_gain,/Group_Outputs/*/Dynamics/comp_all_gain,Float,0,40,RW,Compressor overall makeup gain,dB,
[Group Outputs] Dynamics/comp_all_thresh,/Group_Outputs/*/Dynamics/comp_all_thresh,Float,-60,0,RW,Compressor overall threshold,dB,
[Group Outputs] Dynamics/comp_attack_1,/Group_Outputs/*/Dynamics/comp_attack_1,Float,0.02,100,RW,Compressor band 1 attack time,ms,
[Group Outputs] Dynamics/comp_attack_2,/Group_Outputs/*/Dynamics/comp_attack_2,Float,0.02,100,RW,Compressor band 2 attack time,ms,
[Group Outputs] Dynamics/comp_attack_3,/Group_Outputs/*/Dynamics/comp_attack_3,Float,0.02,100,RW,Compressor band 3 attack time,ms,
[Group Outputs] Dynamics/comp_auto-gain_1,/Group_Outputs/*/Dynamics/comp_auto-gain_1,Float,0,1,RW,Compressor band 1 auto-gain state - MAYBE?,,
[Group Outputs] Dynamics/comp_auto-gain_2,/Group_Outputs/*/Dynamics/comp_auto-gain_2,Float,0,1,RW,Compressor band 2 auto-gain state - MAYBE?,,
[Group Outputs] Dynamics/comp_auto-gain_3,/Group_Outputs/*/Dynamics/comp_auto-gain_3,Float,0,1,RW,Compressor band 3 auto-gain state - MAYBE?,,
[Group Outputs] Dynamics/comp_auto-gain_4,/Group_Outputs/*/Dynamics/comp_auto-gain_4,Float,0,1,RW,Compressor band 4 auto-gain state - MAYBE?,,
[Group Outputs] Dynamics/comp_band_in_1,/Group_Outputs/*/Dynamics/comp_band_in_1,BFloat,0,1,RW,Compressor band 1 enable state - MAYBE?,,
[Group Outputs] Dynamics/comp_band_in_2,/Group_Outputs/*/Dynamics/comp_band_in_2,BFloat,0,1,RW,Compressor band 2 enable state - MAYBE?,,
[Group Outputs] Dynamics/comp_band_in_3,/Group_Outputs/*/Dynamics/comp_band_in_3,BFloat,0,1,RW,Compressor band 3 enable state - MAYBE?,,
[Group Outputs] Dynamics/comp_gain_1,/Group_Outputs/*/Dynamics/comp_gain_1,Float,0,40,RW,Compressor band 1 makeup gain,dB,
[Group Outputs] Dynamics/comp_gain_2,/Group_Outputs/*/Dynamics/comp_gain_2,Float,0,40,RW,Compressor band 2 makeup gain,dB,
[Group Outputs] Dynamics/comp_gain_3,/Group_Outputs/*/Dynamics/comp_gain_3,Float,0,40,RW,Compressor band 3 makeup gain,dB,
[Group Outputs] Dynamics/comp_gain_4,/Group_Outputs/*/Dynamics/comp_gain_4,Float,0,40,RW,Compressor band 4 makeup gain,dB,
[Group Outputs] Dynamics/comp_HP_crossover,/Group_Outputs/*/Dynamics/comp_HP_crossover,Float,20,20000,RW,Compressor high-pass crossover frequency,Hz,
[Group Outputs] Dynamics/comp_in,/Group_Outputs/*/Dynamics/comp_in,BFloat,0,1,RW,Compressor enable state,,
[Group Outputs] Dynamics/comp_knee_1,/Group_Outputs/*/Dynamics/comp_knee_1,Float,0,2,RW,Compressor band 1 knee - MAYBE?,,
[Group Outputs] Dynamics/comp_knee_2,/Group_Outputs/*/Dynamics/comp_knee_2,Float,0,2,RW,Compressor band 2 knee - MAYBE?,,
[Group Outputs] Dynamics/comp_knee_3,/Group_Outputs/*/Dynamics/comp_knee_3,Float,0,2,RW,Compressor band 3 knee - MAYBE?,,
[Group Outputs] Dynamics/comp_knee_4,/Group_Outputs/*/Dynamics/comp_knee_4,Float,0,2,RW,Compressor band 4 knee - MAYBE?,,
[Group Outputs] Dynamics/comp_listen_1,/Group_Outputs/*/Dynamics/comp_listen_1,Float,0,1,RW,Compressor band 1 listen state - MAYBE?,,
[Group Outputs] Dynamics/comp_listen_2,/Group_Outputs/*/Dynamics/comp_listen_2,Float,0,1,RW,Compressor band 2 listen state - MAYBE?,,
[Group Outputs] Dynamics/comp_listen_3,/Group_Outputs/*/Dynamics/comp_listen_3,Float,0,1,RW,Compressor band 3 listen state - MAYBE?,,
[Group Outputs] Dynamics/comp_LP_crossover,/Group_Outputs/*/Dynamics/comp_LP_crossover,Float,20,20000,RW,Compressor low-pass crossover frequency,Hz,
[Group Outputs] Dynamics/comp_ratio_1,/Group_Outputs/*/Dynamics/comp_ratio_1,Float,1,50,RW,Compressor band 1 ratio,:1,
[Group Outputs] Dynamics/comp_ratio_2,/Group_Outputs/*/Dynamics/comp_ratio_2,Float,1,50,RW,Compressor band 2 ratio,:1,
[Group Outputs] Dynamics/comp_ratio_3,/Group_Outputs/*/Dynamics/comp_ratio_3,Float,1,50,RW,Compressor band 3 ratio,:1,
[Group Outputs] Dynamics/comp_ratio_4,/Group_Outputs/*/Dynamics/comp_ratio_4,Float,1,50,RW,Compressor band 4 ratio,:1,
[Group Outputs] Dynamics/comp_release_1,/Group_Outputs/*/Dynamics/comp_release_1,Float,1,10000,RW,Compressor band 1 release time,ms,
[Group Outputs] Dynamics/comp_release_2,/Group_Outputs/*/Dynamics/comp_release_2,Float,1,10000,RW,Compressor band 2 release time,ms,
[Group Outputs] Dynamics/comp_release_3,/Group_Outputs/*/Dynamics/comp_release_3,Float,1,10000,RW,Compressor band 3 release time,ms,
[Group Outputs] Dynamics/comp_thresh_1,/Group_Outputs/*/Dynamics/comp_thresh_1,Float,-60,0,RW,Compressor band 1 threshold,dB,
[Group Outputs] Dynamics/comp_thresh_2,/Group_Outputs/*/Dynamics/comp_thresh_2,Float,-60,0,RW,Compressor band 2 threshold,dB,
[Group Outputs] Dynamics/comp_thresh_3,/Group_Outputs/*/Dynamics/comp_thresh_3,Float,-60,0,RW,Compressor band 3 threshold,dB,
[Group Outputs] Dynamics/Comp-Multiband-Desser,/Group_Outputs/*/Dynamics/comp-multiband-desser,Float,0,2,RW,Dynamics Mode,,
[Group Outputs] Dynamics/desser_centre_freq,/Group_Outputs/*/Dynamics/desser_centre_freq,Float,0,255,RW,De-esser centre frequency,,
[Group Outputs] Dynamics/desser_freq_width,/Group_Outputs/*/Dynamics/desser_freq_width,Float,0,255,RW,De-esser frequency width,,
[Group Outputs] Dynamics/gate_attack,/Group_Outputs/*/Dynamics/gate_attack,Float,0.05,100,RW,Gate attack time,ms,
[Group Outputs] Dynamics/gate_centre_freq,/Group_Outputs/*/Dynamics/gate_centre_freq,Float,0,255,RW,Gate/ducker centre frequency - MAYBE?,,
[Group Outputs] Dynamics/gate_freq_width,/Group_Outputs/*/Dynamics/gate_freq_width,Float,0,255,RW,Gate/ducker frequency width - MAYBE?,,
[Group Outputs] Dynamics/gate_hold,/Group_Outputs/*/Dynamics/gate_hold,Float,2,2000,RW,Gate hold time,ms,
[Group Outputs] Dynamics/gate_in,/Group_Outputs/*/Dynamics/gate_in,BFloat,0,1,RW,Gate enable state,,
[Group Outputs] Dynamics/gate_range,/Group_Outputs/*/Dynamics/gate_range,Float,0,90,RW,Gate range,dB,
[Group Outputs] Dynamics/gate_release,/Group_Outputs/*/Dynamics/gate_release,Float,5,10000,RW,Gate release time,ms,
[Group Outputs] Dynamics/gate_thresh,/Group_Outputs/*/Dynamics/gate_thresh,Float,-60,0,RW,Gate threshold,dB,
[Group Outputs] Dynamics/GR Meter 1,/Group_Outputs/*/Dynamics/GR_meter_1,Float,255,255,RW,Group output dynamics band 1 gain-reduction meter reading,,
[Group Outputs] Dynamics/GR Meter 2,/Group_Outputs/*/Dynamics/GR_meter_2,Float,255,255,RW,Group output dynamics band 2 gain-reduction meter reading,,
[Group Outputs] Dynamics/GR Meter 3,/Group_Outputs/*/Dynamics/GR_meter_3,Float,255,255,RW,Group output dynamics band 3 gain-reduction meter reading,,
[Group Outputs] Dynamics/GR Meter 4,/Group_Outputs/*/Dynamics/GR_meter_4,Float,255,255,RW,Group output dynamics band 4 gain-reduction meter reading,,
[Group Outputs] Dynamics/Input Meter/Left,/Group_Outputs/*/Dynamics/input_meter/left,Float,0,0,RW,Group output left-channel meter reading,,
[Group Outputs] Dynamics/Input Meter/Right,/Group_Outputs/*/Dynamics/input_meter/right,Float,0,0,RW,Group output right-channel meter reading,,
[Group Outputs] Dynamics/key_solo,/Group_Outputs/*/Dynamics/key_solo,Float,0,1,RW,Dynamics sidechain key solo/listen state - MAYBE?,,
[Group Outputs] EQ/dynamic_eq_on_1,/Group_Outputs/*/EQ/dynamic_eq_on_1,BFloat,0,1,RW,Dynamic EQ band 1 enable state,,
[Group Outputs] EQ/dynamic_eq_on_2,/Group_Outputs/*/EQ/dynamic_eq_on_2,BFloat,0,1,RW,Dynamic EQ band 2 enable state,,
[Group Outputs] EQ/dynamic_eq_on_3,/Group_Outputs/*/EQ/dynamic_eq_on_3,BFloat,0,1,RW,Dynamic EQ band 3 enable state,,
[Group Outputs] EQ/dynamic_eq_on_4,/Group_Outputs/*/EQ/dynamic_eq_on_4,BFloat,0,1,RW,Dynamic EQ band 4 enable state,,
[Group Outputs] EQ/eq_attack_1,/Group_Outputs/*/EQ/eq_attack_1,Float,0.5,100,RW,EQ band 1 dynamic EQ attack time,ms,
[Group Outputs] EQ/eq_attack_2,/Group_Outputs/*/EQ/eq_attack_2,Float,0.5,100,RW,EQ band 2 dynamic EQ attack time,ms,
[Group Outputs] EQ/eq_attack_3,/Group_Outputs/*/EQ/eq_attack_3,Float,0.5,100,RW,EQ band 3 dynamic EQ attack time,ms,
[Group Outputs] EQ/eq_attack_4,/Group_Outputs/*/EQ/eq_attack_4,Float,0.5,100,RW,EQ band 4 dynamic EQ attack time,ms,
[Group Outputs] EQ/eq_curve_1,/Group_Outputs/*/EQ/eq_curve_1,Float,1,4,RW,EQ band 1 filter curve selection - MAYBE?,,
[Group Outputs] EQ/eq_curve_2,/Group_Outputs/*/EQ/eq_curve_2,Float,1,4,RW,EQ band 2 filter curve selection - MAYBE?,,
[Group Outputs] EQ/eq_curve_3,/Group_Outputs/*/EQ/eq_curve_3,Float,1,4,RW,EQ band 3 filter curve selection - MAYBE?,,
[Group Outputs] EQ/eq_curve_4,/Group_Outputs/*/EQ/eq_curve_4,Float,1,4,RW,EQ band 4 filter curve selection - MAYBE?,,
[Group Outputs] EQ/eq_freq_1,/Group_Outputs/*/EQ/eq_freq_1,Float,20,20000,RW,EQ band 1 frequency,Hz,
[Group Outputs] EQ/eq_freq_2,/Group_Outputs/*/EQ/eq_freq_2,Float,20,20000,RW,EQ band 2 frequency,Hz,
[Group Outputs] EQ/eq_freq_3,/Group_Outputs/*/EQ/eq_freq_3,Float,20,20000,RW,EQ band 3 frequency,Hz,
[Group Outputs] EQ/eq_freq_4,/Group_Outputs/*/EQ/eq_freq_4,Float,20,20000,RW,EQ band 4 frequency,Hz,
[Group Outputs] EQ/eq_gain_1,/Group_Outputs/*/EQ/eq_gain_1,Float,-18,18,RW,EQ band 1 gain,dB,
[Group Outputs] EQ/eq_gain_2,/Group_Outputs/*/EQ/eq_gain_2,Float,-18,18,RW,EQ band 2 gain,dB,
[Group Outputs] EQ/eq_gain_3,/Group_Outputs/*/EQ/eq_gain_3,Float,-18,18,RW,EQ band 3 gain,dB,
[Group Outputs] EQ/eq_gain_4,/Group_Outputs/*/EQ/eq_gain_4,Float,-18,18,RW,EQ band 4 gain,dB,
[Group Outputs] EQ/eq_in,/Group_Outputs/*/EQ/eq_in,BFloat,0,1,RW,Equalizer enable state,,
[Group Outputs] EQ/eq_on_1,/Group_Outputs/*/EQ/eq_on_1,BFloat,0,1,RW,EQ band 1 enable state,,
[Group Outputs] EQ/eq_on_2,/Group_Outputs/*/EQ/eq_on_2,BFloat,0,1,RW,EQ band 2 enable state,,
[Group Outputs] EQ/eq_on_3,/Group_Outputs/*/EQ/eq_on_3,BFloat,0,1,RW,EQ band 3 enable state,,
[Group Outputs] EQ/eq_on_4,/Group_Outputs/*/EQ/eq_on_4,BFloat,0,1,RW,EQ band 4 enable state,,
[Group Outputs] EQ/eq_over-under_1,/Group_Outputs/*/EQ/eq_over-under_1,Float,0,1,RW,EQ band 1 dynamic EQ over/under mode - MAYBE?,,
[Group Outputs] EQ/eq_over-under_2,/Group_Outputs/*/EQ/eq_over-under_2,Float,0,1,RW,EQ band 2 dynamic EQ over/under mode - MAYBE?,,
[Group Outputs] EQ/eq_over-under_3,/Group_Outputs/*/EQ/eq_over-under_3,Float,0,1,RW,EQ band 3 dynamic EQ over/under mode - MAYBE?,,
[Group Outputs] EQ/eq_over-under_4,/Group_Outputs/*/EQ/eq_over-under_4,Float,0,1,RW,EQ band 4 dynamic EQ over/under mode - MAYBE?,,
[Group Outputs] EQ/eq_Q_1,/Group_Outputs/*/EQ/eq_Q_1,Float,0.1,20,RW,EQ band 1 Q / bandwidth,,
[Group Outputs] EQ/eq_Q_2,/Group_Outputs/*/EQ/eq_Q_2,Float,0.1,20,RW,EQ band 2 Q / bandwidth,,
[Group Outputs] EQ/eq_Q_3,/Group_Outputs/*/EQ/eq_Q_3,Float,0.1,20,RW,EQ band 3 Q / bandwidth,,
[Group Outputs] EQ/eq_Q_4,/Group_Outputs/*/EQ/eq_Q_4,Float,0.1,20,RW,EQ band 4 Q / bandwidth,,
[Group Outputs] EQ/eq_ratio_1,/Group_Outputs/*/EQ/eq_ratio_1,Float,1,10,RW,EQ band 1 dynamic EQ ratio,:1,
[Group Outputs] EQ/eq_ratio_2,/Group_Outputs/*/EQ/eq_ratio_2,Float,1,10,RW,EQ band 2 dynamic EQ ratio,:1,
[Group Outputs] EQ/eq_ratio_3,/Group_Outputs/*/EQ/eq_ratio_3,Float,1,10,RW,EQ band 3 dynamic EQ ratio,:1,
[Group Outputs] EQ/eq_ratio_4,/Group_Outputs/*/EQ/eq_ratio_4,Float,1,10,RW,EQ band 4 dynamic EQ ratio,:1,
[Group Outputs] EQ/eq_release_1,/Group_Outputs/*/EQ/eq_release_1,Float,10,10000,RW,EQ band 1 dynamic EQ release time,ms,
[Group Outputs] EQ/eq_release_2,/Group_Outputs/*/EQ/eq_release_2,Float,10,10000,RW,EQ band 2 dynamic EQ release time,ms,
[Group Outputs] EQ/eq_release_3,/Group_Outputs/*/EQ/eq_release_3,Float,10,10000,RW,EQ band 3 dynamic EQ release time,ms,
[Group Outputs] EQ/eq_release_4,/Group_Outputs/*/EQ/eq_release_4,Float,10,10000,RW,EQ band 4 dynamic EQ release time,ms,
[Group Outputs] EQ/eq_symm_Q_1,/Group_Outputs/*/EQ/eq_symm_Q_1,BFloat,0,1,RW,EQ band 1 symmetric Q mode - MAYBE?,,
[Group Outputs] EQ/eq_symm_Q_2,/Group_Outputs/*/EQ/eq_symm_Q_2,BFloat,0,1,RW,EQ band 2 symmetric Q mode - MAYBE?,,
[Group Outputs] EQ/eq_symm_Q_3,/Group_Outputs/*/EQ/eq_symm_Q_3,BFloat,0,1,RW,EQ band 3 symmetric Q mode - MAYBE?,,
[Group Outputs] EQ/eq_symm_Q_4,/Group_Outputs/*/EQ/eq_symm_Q_4,BFloat,0,1,RW,EQ band 4 symmetric Q mode - MAYBE?,,
[Group Outputs] EQ/eq_thresh_1,/Group_Outputs/*/EQ/eq_thresh_1,Float,-60,0,RW,EQ band 1 dynamic EQ threshold,dB,
[Group Outputs] EQ/eq_thresh_2,/Group_Outputs/*/EQ/eq_thresh_2,Float,-60,0,RW,EQ band 2 dynamic EQ threshold,dB,
[Group Outputs] EQ/eq_thresh_3,/Group_Outputs/*/EQ/eq_thresh_3,Float,-60,0,RW,EQ band 3 dynamic EQ threshold,dB,
[Group Outputs] EQ/eq_thresh_4,/Group_Outputs/*/EQ/eq_thresh_4,Float,-60,0,RW,EQ band 4 dynamic EQ threshold,dB,
[Group Outputs] EQ/GR Meter 1,/Group_Outputs/*/EQ/GR_meter_1,Float,255,255,RW,Group output dynamics band 1 gain-reduction meter reading,,
[Group Outputs] EQ/GR Meter 2,/Group_Outputs/*/EQ/GR_meter_2,Float,255,255,RW,Group output dynamics band 2 gain-reduction meter reading,,
[Group Outputs] EQ/GR Meter 3,/Group_Outputs/*/EQ/GR_meter_3,Float,255,255,RW,Group output dynamics band 3 gain-reduction meter reading,,
[Group Outputs] EQ/GR Meter 4,/Group_Outputs/*/EQ/GR_meter_4,Float,255,255,RW,Group output dynamics band 4 gain-reduction meter reading,,
[Group Outputs] Fader,/Group_Outputs/*/fader,Float,-150,10,RW,Group output fader level.,dB,
[Group Outputs] Fader Meter/Left,/Group_Outputs/*/fader_meter/left,Float,2,2,RW,Group output left-channel meter reading,,
[Group Outputs] Fader Meter/Right,/Group_Outputs/*/fader_meter/right,Float,2,2,RW,Group output right-channel meter reading,,
[Group Outputs] Filters/Hi Filter Freq,/Group_Outputs/*/Filters/hi_filter_freq,Float,20000,20000,RW,High-pass filter cutoff frequency,,
[Group Outputs] Filters/Hi Filter In,/Group_Outputs/*/Filters/hi_filter_in,BFloat,0,0,RW,High-pass filter enable state,,
[Group Outputs] Filters/Lo Filter Freq,/Group_Outputs/*/Filters/lo_filter_freq,Float,20,20,RW,Low-pass filter cutoff frequency,,
[Group Outputs] Filters/Lo Filter In,/Group_Outputs/*/Filters/lo_filter_in,BFloat,0,0,RW,Low-pass filter enable state,,
[Group Outputs] Group Sends,/Group_Outputs/*/group_sends,Int,0,0,RW,Group send states - MAYBE?,,
[Group Outputs] GroupSend/Group,/Group_Outputs/*/Group_Send/*/group,Float,0,1,RW,Group send assignment state - MAYBE?,,
[Group Outputs] Hard Mute,/Group_Outputs/*/hard_mute,BFloat,0,1,RW,Hard mute state,,
[Group Outputs] Insert/insert_A_in,/Group_Outputs/*/Insert/insert_A_in,BFloat,0,1,RW,Insert A enable state,,
[Group Outputs] Insert/insert_B_in,/Group_Outputs/*/Insert/insert_B_in,BFloat,0,1,RW,Insert B enable state,,
[Group Outputs] Mute,/Group_Outputs/*/mute,BFloat,0,1,RW,Group output mute state.,,
[Group Outputs] Output/Dir Meter/Left,/Group_Outputs/*/Output/dir_meter/left,Float,0,0,RW,Group output left-channel meter reading,,
[Group Outputs] Output/Dir Meter/Right,/Group_Outputs/*/Output/dir_meter/right,Float,0,0,RW,Group output right-channel meter reading,,
[Group Outputs] Output/Meter/Centre,/Group_Outputs/*/Output/meter/centre,Float,0,0,RW,Group output centre-channel meter reading,,
[Group Outputs] Output/Meter/Left,/Group_Outputs/*/Output/meter/left,Float,0,0,RW,Group output left-channel meter reading,,
[Group Outputs] Output/Meter/LFE,/Group_Outputs/*/Output/meter/LFE,Float,0,0,RW,Group output LFE-channel meter reading,,
[Group Outputs] Output/Meter/Right,/Group_Outputs/*/Output/meter/right,Float,0,0,RW,Group output right-channel meter reading,,
[Group Outputs] Output/Meter/SL,/Group_Outputs/*/Output/meter/SL,Float,0,0,RW,Group output surround-left meter reading,,
[Group Outputs] Output/Meter/SR,/Group_Outputs/*/Output/meter/SR,Float,0,0,RW,Group output surround-right meter reading,,
[Group Outputs] Output/Meter2,/Group_Outputs/*/Output/meter2,Float,0,0,RW,Group output output meter 2 reading - MAYBE?,,
[Group Outputs] Output/Meter4,/Group_Outputs/*/Output/meter4,Float,0,0,RW,Group output output meter 4 reading - MAYBE?,,
[Group Outputs] Sends To Faders,/Group_Outputs/*/sends_to_faders,Float,0,1,RW,Sends-to-faders mode state,,
[Group Outputs] Sends To Rotaries,/Group_Outputs/*/sends_to_rotaries,Float,0,1,RW,Sends-to-rotaries mode state,,
[Group Outputs] Solo,/Group_Outputs/*/solo,Float,0,1,RW,Group output solo state.,,
[Group Outputs] Solo 1 Or 2,/Group_Outputs/*/solo_1_or_2,Float,0,2,RW,"Group output solo bus routing: Solo 1, Solo 2, or both",,
[Input Channels] AuxSend/send_level,/Input_Channels/*/Aux_Send/*/send_level,Float,-150,10,RW,Send level,dB,
[Input Channels] AuxSend/send_on,/Input_Channels/*/Aux_Send/*/send_on,BFloat,0,1,RW,Send enable state,,
[Input Channels] AuxSend/send_pan,/Input_Channels/*/Aux_Send/*/send_pan,Float,-1,1,RW,Send pan position,,
[Input Channels] CGs_level,/Input_Channels/*/CGs_level,Float,-150,10,RW,Input channel Control Group send level - MAYBE?,dB,
[Input Channels] CGs_mute,/Input_Channels/*/CGs_mute,BFloat,0,1,RW,Input channel Control Group mute state,,
[Input Channels] Channel Delay/Delay,/Input_Channels/*/Channel_Delay/delay,Float,0,1300,RW,Input channel channel delay time,ms,
[Input Channels] Channel Delay/delay_on,/Input_Channels/*/Channel_Delay/delay_on,BFloat,0,1,RW,Input channel channel delay enable state,,
[Input Channels] Channel Delay/fine_delay,/Input_Channels/*/Channel_Delay/fine_delay,Float,-127,127,RW,Fine channel delay adjustment,samples,
[Input Channels] Channel Input/alt_analog_gain,/Input_Channels/*/Channel_Input/alt_analog_gain,Float,-20,60,RW,Alternate input analog preamp gain,dB,
[Input Channels] Channel Input/alt_input_pad,/Input_Channels/*/Channel_Input/alt_input_pad,BFloat,0,1,RW,Alternate input pad state,,
[Input Channels] Channel Input/alt_phantom,/Input_Channels/*/Channel_Input/alt_phantom,BFloat,0,1,RW,Alternate input 48 V phantom power state,,
[Input Channels] Channel Input/analog_gain,/Input_Channels/*/Channel_Input/analog_gain,Float,-20,60,RW,Analog preamp gain,dB,
[Input Channels] Channel Input/Input Type,/Input_Channels/*/Channel_Input/input_type,Float,0,2,RW,Input source type (mic/line) - MAYBE?,,
[Input Channels] Channel Input/input_pad,/Input_Channels/*/Channel_Input/input_pad,BFloat,0,1,RW,Input pad state,,
[Input Channels] Channel Input/Main/alt_in,/Input_Channels/*/Channel_Input/main/alt_in,BFloat,0,1,RW,Main or alternate input selection,,
[Input Channels] Channel Input/Name,/Input_Channels/*/Channel_Input/name,String,,,RW,Input channel name.,,
[Input Channels] Channel Input/Phantom,/Input_Channels/*/Channel_Input/phantom,BFloat,0,1,RW,48 V phantom power state,,
[Input Channels] Channel Input/Phase,/Input_Channels/*/Channel_Input/phase,BFloat,0,1,RW,Input channel signal polarity (phase) state,,
[Input Channels] Channel Input/Stereo Mode,/Input_Channels/*/Channel_Input/stereo_mode,Float,1,2,RW,Input channel mono/stereo format,,
[Input Channels] Channel Input/Trim,/Input_Channels/*/Channel_Input/trim,Float,-40,60,RW,Input channel digital input trim,dB,
[Input Channels] Dynamics/comp_all_gain,/Input_Channels/*/Dynamics/comp_all_gain,Float,0,40,RW,Compressor overall makeup gain,dB,
[Input Channels] Dynamics/comp_all_thresh,/Input_Channels/*/Dynamics/comp_all_thresh,Float,-60,0,RW,Compressor overall threshold,dB,
[Input Channels] Dynamics/comp_attack_1,/Input_Channels/*/Dynamics/comp_attack_1,Float,0.02,100,RW,Compressor band 1 attack time,ms,
[Input Channels] Dynamics/comp_attack_2,/Input_Channels/*/Dynamics/comp_attack_2,Float,0.02,100,RW,Compressor band 2 attack time,ms,
[Input Channels] Dynamics/comp_attack_3,/Input_Channels/*/Dynamics/comp_attack_3,Float,0.02,100,RW,Compressor band 3 attack time,ms,
[Input Channels] Dynamics/comp_auto-gain_1,/Input_Channels/*/Dynamics/comp_auto-gain_1,Float,0,1,RW,Compressor band 1 auto-gain state - MAYBE?,,
[Input Channels] Dynamics/comp_auto-gain_2,/Input_Channels/*/Dynamics/comp_auto-gain_2,Float,0,1,RW,Compressor band 2 auto-gain state - MAYBE?,,
[Input Channels] Dynamics/comp_auto-gain_3,/Input_Channels/*/Dynamics/comp_auto-gain_3,Float,0,1,RW,Compressor band 3 auto-gain state - MAYBE?,,
[Input Channels] Dynamics/comp_auto-gain_4,/Input_Channels/*/Dynamics/comp_auto-gain_4,Float,0,1,RW,Compressor band 4 auto-gain state - MAYBE?,,
[Input Channels] Dynamics/comp_band_in_1,/Input_Channels/*/Dynamics/comp_band_in_1,BFloat,0,1,RW,Compressor band 1 enable state - MAYBE?,,
[Input Channels] Dynamics/comp_band_in_2,/Input_Channels/*/Dynamics/comp_band_in_2,BFloat,0,1,RW,Compressor band 2 enable state - MAYBE?,,
[Input Channels] Dynamics/comp_band_in_3,/Input_Channels/*/Dynamics/comp_band_in_3,BFloat,0,1,RW,Compressor band 3 enable state - MAYBE?,,
[Input Channels] Dynamics/comp_gain_1,/Input_Channels/*/Dynamics/comp_gain_1,Float,0,40,RW,Compressor band 1 makeup gain,dB,
[Input Channels] Dynamics/comp_gain_2,/Input_Channels/*/Dynamics/comp_gain_2,Float,0,40,RW,Compressor band 2 makeup gain,dB,
[Input Channels] Dynamics/comp_gain_3,/Input_Channels/*/Dynamics/comp_gain_3,Float,0,40,RW,Compressor band 3 makeup gain,dB,
[Input Channels] Dynamics/comp_gain_4,/Input_Channels/*/Dynamics/comp_gain_4,Float,0,40,RW,Compressor band 4 makeup gain,dB,
[Input Channels] Dynamics/comp_HP_crossover,/Input_Channels/*/Dynamics/comp_HP_crossover,Float,20,20000,RW,Compressor high-pass crossover frequency,Hz,
[Input Channels] Dynamics/comp_in,/Input_Channels/*/Dynamics/comp_in,BFloat,0,1,RW,Compressor enable state,,
[Input Channels] Dynamics/comp_knee_1,/Input_Channels/*/Dynamics/comp_knee_1,Float,0,2,RW,Compressor band 1 knee - MAYBE?,,
[Input Channels] Dynamics/comp_knee_2,/Input_Channels/*/Dynamics/comp_knee_2,Float,0,2,RW,Compressor band 2 knee - MAYBE?,,
[Input Channels] Dynamics/comp_knee_3,/Input_Channels/*/Dynamics/comp_knee_3,Float,0,2,RW,Compressor band 3 knee - MAYBE?,,
[Input Channels] Dynamics/comp_knee_4,/Input_Channels/*/Dynamics/comp_knee_4,Float,0,2,RW,Compressor band 4 knee - MAYBE?,,
[Input Channels] Dynamics/comp_listen_1,/Input_Channels/*/Dynamics/comp_listen_1,Float,0,1,RW,Compressor band 1 listen state - MAYBE?,,
[Input Channels] Dynamics/comp_listen_2,/Input_Channels/*/Dynamics/comp_listen_2,Float,0,1,RW,Compressor band 2 listen state - MAYBE?,,
[Input Channels] Dynamics/comp_listen_3,/Input_Channels/*/Dynamics/comp_listen_3,Float,0,1,RW,Compressor band 3 listen state - MAYBE?,,
[Input Channels] Dynamics/comp_LP_crossover,/Input_Channels/*/Dynamics/comp_LP_crossover,Float,20,20000,RW,Compressor low-pass crossover frequency,Hz,
[Input Channels] Dynamics/comp_ratio_1,/Input_Channels/*/Dynamics/comp_ratio_1,Float,1,50,RW,Compressor band 1 ratio,:1,
[Input Channels] Dynamics/comp_ratio_2,/Input_Channels/*/Dynamics/comp_ratio_2,Float,1,50,RW,Compressor band 2 ratio,:1,
[Input Channels] Dynamics/comp_ratio_3,/Input_Channels/*/Dynamics/comp_ratio_3,Float,1,50,RW,Compressor band 3 ratio,:1,
[Input Channels] Dynamics/comp_ratio_4,/Input_Channels/*/Dynamics/comp_ratio_4,Float,1,50,RW,Compressor band 4 ratio,:1,
[Input Channels] Dynamics/comp_release_1,/Input_Channels/*/Dynamics/comp_release_1,Float,1,10000,RW,Compressor band 1 release time,ms,
[Input Channels] Dynamics/comp_release_2,/Input_Channels/*/Dynamics/comp_release_2,Float,1,10000,RW,Compressor band 2 release time,ms,
[Input Channels] Dynamics/comp_release_3,/Input_Channels/*/Dynamics/comp_release_3,Float,1,10000,RW,Compressor band 3 release time,ms,
[Input Channels] Dynamics/comp_thresh_1,/Input_Channels/*/Dynamics/comp_thresh_1,Float,-60,0,RW,Compressor band 1 threshold,dB,
[Input Channels] Dynamics/comp_thresh_2,/Input_Channels/*/Dynamics/comp_thresh_2,Float,-60,0,RW,Compressor band 2 threshold,dB,
[Input Channels] Dynamics/comp_thresh_3,/Input_Channels/*/Dynamics/comp_thresh_3,Float,-60,0,RW,Compressor band 3 threshold,dB,
[Input Channels] Dynamics/Comp-Multiband-Desser,/Input_Channels/*/Dynamics/comp-multiband-desser,Float,0,2,RW,Dynamics Mode,,
[Input Channels] Dynamics/desser_centre_freq,/Input_Channels/*/Dynamics/desser_centre_freq,Float,0,255,RW,De-esser centre frequency,,
[Input Channels] Dynamics/desser_freq_width,/Input_Channels/*/Dynamics/desser_freq_width,Float,0,255,RW,De-esser frequency width,,
[Input Channels] Dynamics/gate_attack,/Input_Channels/*/Dynamics/gate_attack,Float,0.05,100,RW,Gate attack time,ms,
[Input Channels] Dynamics/gate_centre_freq,/Input_Channels/*/Dynamics/gate_centre_freq,Float,0,255,RW,Gate/ducker centre frequency - MAYBE?,,
[Input Channels] Dynamics/gate_freq_width,/Input_Channels/*/Dynamics/gate_freq_width,Float,0,255,RW,Gate/ducker frequency width - MAYBE?,,
[Input Channels] Dynamics/gate_hold,/Input_Channels/*/Dynamics/gate_hold,Float,2,2000,RW,Gate hold time,ms,
[Input Channels] Dynamics/gate_in,/Input_Channels/*/Dynamics/gate_in,BFloat,0,1,RW,Gate enable state,,
[Input Channels] Dynamics/gate_range,/Input_Channels/*/Dynamics/gate_range,Float,0,90,RW,Gate range,dB,
[Input Channels] Dynamics/gate_release,/Input_Channels/*/Dynamics/gate_release,Float,5,10000,RW,Gate release time,ms,
[Input Channels] Dynamics/gate_thresh,/Input_Channels/*/Dynamics/gate_thresh,Float,-60,0,RW,Gate threshold,dB,
[Input Channels] Dynamics/Gate-Duck-Comp,/Input_Channels/*/Dynamics/gate-duck-comp,Float,0,0,RW,Gate/ducker compression setting - MAYBE?,,
[Input Channels] Dynamics/key_solo,/Input_Channels/*/Dynamics/key_solo,Float,0,1,RW,Dynamics sidechain key solo/listen state - MAYBE?,,
[Input Channels] EQ/dynamic_eq_on_1,/Input_Channels/*/EQ/dynamic_eq_on_1,BFloat,0,1,RW,Dynamic EQ band 1 enable state,,
[Input Channels] EQ/dynamic_eq_on_2,/Input_Channels/*/EQ/dynamic_eq_on_2,BFloat,0,1,RW,Dynamic EQ band 2 enable state,,
[Input Channels] EQ/dynamic_eq_on_3,/Input_Channels/*/EQ/dynamic_eq_on_3,BFloat,0,1,RW,Dynamic EQ band 3 enable state,,
[Input Channels] EQ/dynamic_eq_on_4,/Input_Channels/*/EQ/dynamic_eq_on_4,BFloat,0,1,RW,Dynamic EQ band 4 enable state,,
[Input Channels] EQ/eq_attack_1,/Input_Channels/*/EQ/eq_attack_1,Float,0,100,RW,EQ band 1 dynamic EQ attack time,ms,
[Input Channels] EQ/eq_attack_2,/Input_Channels/*/EQ/eq_attack_2,Float,0,100,RW,EQ band 2 dynamic EQ attack time,ms,
[Input Channels] EQ/eq_attack_3,/Input_Channels/*/EQ/eq_attack_3,Float,0,100,RW,EQ band 3 dynamic EQ attack time,ms,
[Input Channels] EQ/eq_attack_4,/Input_Channels/*/EQ/eq_attack_4,Float,0,100,RW,EQ band 4 dynamic EQ attack time,ms,
[Input Channels] EQ/eq_curve_1,/Input_Channels/*/EQ/eq_curve_1,Float,1,4,RW,EQ band 1 filter curve selection - MAYBE?,,
[Input Channels] EQ/eq_curve_2,/Input_Channels/*/EQ/eq_curve_2,Float,1,4,RW,EQ band 2 filter curve selection - MAYBE?,,
[Input Channels] EQ/eq_curve_3,/Input_Channels/*/EQ/eq_curve_3,Float,1,4,RW,EQ band 3 filter curve selection - MAYBE?,,
[Input Channels] EQ/eq_curve_4,/Input_Channels/*/EQ/eq_curve_4,Float,1,4,RW,EQ band 4 filter curve selection - MAYBE?,,
[Input Channels] EQ/eq_freq_1,/Input_Channels/*/EQ/eq_freq_1,Float,20,20000,RW,EQ band 1 frequency,Hz,
[Input Channels] EQ/eq_freq_2,/Input_Channels/*/EQ/eq_freq_2,Float,20,20000,RW,EQ band 2 frequency,Hz,
[Input Channels] EQ/eq_freq_3,/Input_Channels/*/EQ/eq_freq_3,Float,20,20000,RW,EQ band 3 frequency,Hz,
[Input Channels] EQ/eq_freq_4,/Input_Channels/*/EQ/eq_freq_4,Float,20,20000,RW,EQ band 4 frequency,Hz,
[Input Channels] EQ/eq_gain_1,/Input_Channels/*/EQ/eq_gain_1,Float,-18,18,RW,EQ band 1 gain,dB,
[Input Channels] EQ/eq_gain_2,/Input_Channels/*/EQ/eq_gain_2,Float,-18,18,RW,EQ band 2 gain,dB,
[Input Channels] EQ/eq_gain_3,/Input_Channels/*/EQ/eq_gain_3,Float,-18,18,RW,EQ band 3 gain,dB,
[Input Channels] EQ/eq_gain_4,/Input_Channels/*/EQ/eq_gain_4,Float,-18,18,RW,EQ band 4 gain,dB,
[Input Channels] EQ/eq_in,/Input_Channels/*/EQ/eq_in,BFloat,0,1,RW,Equalizer enable state,,
[Input Channels] EQ/eq_on_1,/Input_Channels/*/EQ/eq_on_1,BFloat,0,1,RW,EQ band 1 enable state,,
[Input Channels] EQ/eq_on_2,/Input_Channels/*/EQ/eq_on_2,BFloat,0,1,RW,EQ band 2 enable state,,
[Input Channels] EQ/eq_on_3,/Input_Channels/*/EQ/eq_on_3,BFloat,0,1,RW,EQ band 3 enable state,,
[Input Channels] EQ/eq_on_4,/Input_Channels/*/EQ/eq_on_4,BFloat,0,1,RW,EQ band 4 enable state,,
[Input Channels] EQ/eq_over-under_1,/Input_Channels/*/EQ/eq_over-under_1,Float,0,1,RW,EQ band 1 dynamic EQ over/under mode - MAYBE?,,
[Input Channels] EQ/eq_over-under_2,/Input_Channels/*/EQ/eq_over-under_2,Float,0,1,RW,EQ band 2 dynamic EQ over/under mode - MAYBE?,,
[Input Channels] EQ/eq_over-under_3,/Input_Channels/*/EQ/eq_over-under_3,Float,0,1,RW,EQ band 3 dynamic EQ over/under mode - MAYBE?,,
[Input Channels] EQ/eq_over-under_4,/Input_Channels/*/EQ/eq_over-under_4,Float,0,1,RW,EQ band 4 dynamic EQ over/under mode - MAYBE?,,
[Input Channels] EQ/eq_Q_1,/Input_Channels/*/EQ/eq_Q_1,Float,0.1,20,RW,EQ band 1 Q / bandwidth,,
[Input Channels] EQ/eq_Q_2,/Input_Channels/*/EQ/eq_Q_2,Float,0.1,20,RW,EQ band 2 Q / bandwidth,,
[Input Channels] EQ/eq_Q_3,/Input_Channels/*/EQ/eq_Q_3,Float,0.1,20,RW,EQ band 3 Q / bandwidth,,
[Input Channels] EQ/eq_Q_4,/Input_Channels/*/EQ/eq_Q_4,Float,0.1,20,RW,EQ band 4 Q / bandwidth,,
[Input Channels] EQ/eq_ratio_1,/Input_Channels/*/EQ/eq_ratio_1,Float,1,10,RW,EQ band 1 dynamic EQ ratio,:1,
[Input Channels] EQ/eq_ratio_2,/Input_Channels/*/EQ/eq_ratio_2,Float,1,10,RW,EQ band 2 dynamic EQ ratio,:1,
[Input Channels] EQ/eq_ratio_3,/Input_Channels/*/EQ/eq_ratio_3,Float,1,10,RW,EQ band 3 dynamic EQ ratio,:1,
[Input Channels] EQ/eq_ratio_4,/Input_Channels/*/EQ/eq_ratio_4,Float,1,10,RW,EQ band 4 dynamic EQ ratio,:1,
[Input Channels] EQ/eq_release_1,/Input_Channels/*/EQ/eq_release_1,Float,0,10000,RW,EQ band 1 dynamic EQ release time,ms,
[Input Channels] EQ/eq_release_2,/Input_Channels/*/EQ/eq_release_2,Float,0,10000,RW,EQ band 2 dynamic EQ release time,ms,
[Input Channels] EQ/eq_release_3,/Input_Channels/*/EQ/eq_release_3,Float,0,10000,RW,EQ band 3 dynamic EQ release time,ms,
[Input Channels] EQ/eq_release_4,/Input_Channels/*/EQ/eq_release_4,Float,0,10000,RW,EQ band 4 dynamic EQ release time,ms,
[Input Channels] EQ/eq_symm_Q_1,/Input_Channels/*/EQ/eq_symm_Q_1,BFloat,0,1,RW,EQ band 1 symmetric Q mode - MAYBE?,,
[Input Channels] EQ/eq_symm_Q_2,/Input_Channels/*/EQ/eq_symm_Q_2,BFloat,0,1,RW,EQ band 2 symmetric Q mode - MAYBE?,,
[Input Channels] EQ/eq_symm_Q_3,/Input_Channels/*/EQ/eq_symm_Q_3,BFloat,0,1,RW,EQ band 3 symmetric Q mode - MAYBE?,,
[Input Channels] EQ/eq_symm_Q_4,/Input_Channels/*/EQ/eq_symm_Q_4,BFloat,0,1,RW,EQ band 4 symmetric Q mode - MAYBE?,,
[Input Channels] EQ/eq_thresh_1,/Input_Channels/*/EQ/eq_thresh_1,Float,-60,0,RW,EQ band 1 dynamic EQ threshold,dB,
[Input Channels] EQ/eq_thresh_2,/Input_Channels/*/EQ/eq_thresh_2,Float,-60,0,RW,EQ band 2 dynamic EQ threshold,dB,
[Input Channels] EQ/eq_thresh_3,/Input_Channels/*/EQ/eq_thresh_3,Float,-60,0,RW,EQ band 3 dynamic EQ threshold,dB,
[Input Channels] EQ/eq_thresh_4,/Input_Channels/*/EQ/eq_thresh_4,Float,-60,0,RW,EQ band 4 dynamic EQ threshold,dB,
[Input Channels] Fader,/Input_Channels/*/fader,Float,-150,10,RW,Input channel fader level.,dB,
[Input Channels] Filters/hi_filter_freq,/Input_Channels/*/Filters/hi_filter_freq,Float,20,20000,RW,High-pass filter cutoff frequency,,
[Input Channels] Filters/hi_filter_in,/Input_Channels/*/Filters/hi_filter_in,BFloat,0,1,RW,High-pass filter enable state,,
[Input Channels] Filters/lo_filter_freq,/Input_Channels/*/Filters/lo_filter_freq,Float,20,20000,RW,Low-pass filter cutoff frequency,,
[Input Channels] Filters/lo_filter_in,/Input_Channels/*/Filters/lo_filter_in,BFloat,0,1,RW,Low-pass filter enable state,,
[Input Channels] Group Sends,/Input_Channels/*/group_sends,Int,0,0,RW,Group send states - MAYBE?,,
[Input Channels] GroupSend/Group,/Input_Channels/*/Group_Send/*/group,Float,0,1,RW,Group send assignment state - MAYBE?,,
[Input Channels] Insert/insert_A_in,/Input_Channels/*/Insert/insert_A_in,BFloat,0,1,RW,Insert A enable state,,
[Input Channels] Insert/insert_B_in,/Input_Channels/*/Insert/insert_B_in,BFloat,0,1,RW,Insert B enable state,,
[Input Channels] Mute,/Input_Channels/*/mute,BFloat,0,1,RW,Input channel mute state.,,
[Input Channels] Panner/F-b,/Input_Channels/*/Panner/f-b,Float,0,1,RW,Front-to-back pan position - MAYBE?,,
[Input Channels] Panner/Pan,/Input_Channels/*/Panner/pan,Float,-1,1,RW,Input channel pan position,,
[Input Channels] Solo,/Input_Channels/*/solo,BFloat,0,1,RW,Input channel solo state.,,
[Layout] Layout/Banks,/Layout/Layout/Banks,String,,,RW,Fader bank selection,,
[Layout] Layout/Banks/!,/Layout/Layout/Banks/!,Int,0,0,RW,Command trigger or query response - MAYBE?,,
[Macros] Buttons,/Macros/Buttons,NoArgs,,,RW,Macro button control endpoint - MAYBE?,,
[Macros] Buttons State,/Macros/Buttons/state/*,Int,0,2,RW,Macro button state and name,,
[Macros] Buttons/Count,/Macros/Buttons/count,Int,0,0,RW,Number of macro buttons.,,
[Macros] Buttons/Press,/Macros/Buttons/press,Int,0,255,RW,Press the specified macro button,,
[Macros] Macros Count,/Macros/count,Int,0,9999,R,Number of Macros,,
[Macros] Macro Info,/Macros/name,Int,0,9999,R,Macro info by index,,json_by_index
[Macros] Names,/Macros/names,NoArgs,,,R,Names list,,
[Macros] Recall Macro,/Macros/Recall_Macro/*,NoArgs,,,W,Recall or trigger the specified macro,,
[Matrix Inputs] Channel Input/Name,/Matrix_Inputs/*/Channel_Input/name,String,,,RW,Matrix input name.,,
[Matrix Inputs] MatrixSend/send_level,/Matrix_Inputs/*/Matrix_Send/*/send_level,Float,-150,10,RW,Send level,dB,
[Matrix Inputs] MatrixSend/send_on,/Matrix_Inputs/*/Matrix_Send/*/send_on,BFloat,0,1,RW,Send enable state,,
[Matrix Inputs] Send Levels,/Matrix_Inputs/*/send_levels,Float,-150,-150,,Get all values for a selected Matrix - MAYBE?,dB,
[Matrix Inputs] Send Ons,/Matrix_Inputs/*/send_ons,BInt,0,1,,Get all values for a selected Matrix - MAYBE?,,
[Matrix Outputs] Alternate Solo,/Matrix_Outputs/*/alternate_solo,Float,0,1,RW,Matrix output alternate solo state - MAYBE?,,
[Matrix Outputs] Buss Trim/Name,/Matrix_Outputs/*/Buss_Trim/name,String,,,RW,Matrix output name.,,
[Matrix Outputs] Buss Trim/Phase,/Matrix_Outputs/*/Buss_Trim/phase,BFloat,0,1,RW,Matrix output signal polarity (phase) state,,
[Matrix Outputs] Buss Trim/Post Meter,/Matrix_Outputs/*/Buss_Trim/post_meter,Float,2,2,RW,Matrix output post-fader signal meter reading,,
[Matrix Outputs] Buss Trim/Post Meter/Right,/Matrix_Outputs/*/Buss_Trim/post_meter/right,Float,2,2,RW,Matrix output right-channel meter reading,,
[Matrix Outputs] Buss Trim/Pre Meter,/Matrix_Outputs/*/Buss_Trim/pre_meter,Float,2,2,RW,Matrix output pre-fader signal meter reading,,
[Matrix Outputs] Buss Trim/Pre Meter/Right,/Matrix_Outputs/*/Buss_Trim/pre_meter/right,Float,2,2,RW,Matrix output right-channel meter reading,,
[Matrix Outputs] Buss Trim/Trim,/Matrix_Outputs/*/Buss_Trim/trim,Float,-40,60,RW,Matrix output digital input trim,dB,
[Matrix Outputs] Buss Trim/Tube Meter/Left,/Matrix_Outputs/*/Buss_Trim/tube_meter/left,Float,2,2,RW,Matrix output left-channel meter reading,,
[Matrix Outputs] Buss Trim/Tube Meter/Right,/Matrix_Outputs/*/Buss_Trim/tube_meter/right,Float,2,2,RW,Matrix output right-channel meter reading,,
[Matrix Outputs] CGs_level,/Matrix_Outputs/*/CGs_level,Float,-150,10,RW,Matrix output Control Group send level,dB,
[Matrix Outputs] CGs_mute,/Matrix_Outputs/*/CGs_mute,BFloat,0,1,RW,Matrix output Control Group mute state,,
[Matrix Outputs] Channel Delay/Delay,/Matrix_Outputs/*/Channel_Delay/delay,Float,0,1300,RW,Matrix output channel delay time,ms,
[Matrix Outputs] Channel Delay/delay_on,/Matrix_Outputs/*/Channel_Delay/delay_on,BFloat,0,1,RW,Matrix output channel delay enable state,,
[Matrix Outputs] Channel Delay/fine_delay,/Matrix_Outputs/*/Channel_Delay/fine_delay,Float,-127,127,RW,Fine channel delay adjustment,samples,
[Matrix Outputs] Dynamics/comp_all_gain,/Matrix_Outputs/*/Dynamics/comp_all_gain,Float,0,40,RW,Compressor overall makeup gain,dB,
[Matrix Outputs] Dynamics/comp_all_thresh,/Matrix_Outputs/*/Dynamics/comp_all_thresh,Float,-60,0,RW,Compressor overall threshold,dB,
[Matrix Outputs] Dynamics/comp_attack_1,/Matrix_Outputs/*/Dynamics/comp_attack_1,Float,0.02,100,RW,Compressor band 1 attack time,ms,
[Matrix Outputs] Dynamics/comp_attack_2,/Matrix_Outputs/*/Dynamics/comp_attack_2,Float,0.02,100,RW,Compressor band 2 attack time,ms,
[Matrix Outputs] Dynamics/comp_attack_3,/Matrix_Outputs/*/Dynamics/comp_attack_3,Float,0.02,100,RW,Compressor band 3 attack time,ms,
[Matrix Outputs] Dynamics/comp_auto-gain_1,/Matrix_Outputs/*/Dynamics/comp_auto-gain_1,BFloat,0,1,RW,Compressor band 1 auto-gain state,,
[Matrix Outputs] Dynamics/comp_auto-gain_2,/Matrix_Outputs/*/Dynamics/comp_auto-gain_2,BFloat,0,1,RW,Compressor band 2 auto-gain state,,
[Matrix Outputs] Dynamics/comp_auto-gain_3,/Matrix_Outputs/*/Dynamics/comp_auto-gain_3,BFloat,0,1,RW,Compressor band 3 auto-gain state,,
[Matrix Outputs] Dynamics/comp_auto-gain_4,/Matrix_Outputs/*/Dynamics/comp_auto-gain_4,BFloat,0,1,RW,Compressor band 4 auto-gain state,,
[Matrix Outputs] Dynamics/comp_band_in_1,/Matrix_Outputs/*/Dynamics/comp_band_in_1,BFloat,0,1,RW,Compressor band 1 enable state,,
[Matrix Outputs] Dynamics/comp_band_in_2,/Matrix_Outputs/*/Dynamics/comp_band_in_2,BFloat,0,1,RW,Compressor band 2 enable state,,
[Matrix Outputs] Dynamics/comp_band_in_3,/Matrix_Outputs/*/Dynamics/comp_band_in_3,BFloat,0,1,RW,Compressor band 3 enable state,,
[Matrix Outputs] Dynamics/comp_gain_1,/Matrix_Outputs/*/Dynamics/comp_gain_1,Float,0,40,RW,Compressor band 1 makeup gain,dB,
[Matrix Outputs] Dynamics/comp_gain_2,/Matrix_Outputs/*/Dynamics/comp_gain_2,Float,0,40,RW,Compressor band 2 makeup gain,dB,
[Matrix Outputs] Dynamics/comp_gain_3,/Matrix_Outputs/*/Dynamics/comp_gain_3,Float,0,40,RW,Compressor band 3 makeup gain,dB,
[Matrix Outputs] Dynamics/comp_gain_4,/Matrix_Outputs/*/Dynamics/comp_gain_4,Float,0,40,RW,Compressor band 4 makeup gain,dB,
[Matrix Outputs] Dynamics/comp_HP_crossover,/Matrix_Outputs/*/Dynamics/comp_HP_crossover,Float,20,20000,RW,Compressor high-pass crossover frequency,Hz,
[Matrix Outputs] Dynamics/comp_in,/Matrix_Outputs/*/Dynamics/comp_in,BFloat,0,1,RW,Compressor enable state,,
[Matrix Outputs] Dynamics/comp_knee_1,/Matrix_Outputs/*/Dynamics/comp_knee_1,Float,0,2,RW,Compressor band 1 knee,,
[Matrix Outputs] Dynamics/comp_knee_2,/Matrix_Outputs/*/Dynamics/comp_knee_2,Float,0,2,RW,Compressor band 2 knee,,
[Matrix Outputs] Dynamics/comp_knee_3,/Matrix_Outputs/*/Dynamics/comp_knee_3,Float,0,2,RW,Compressor band 3 knee,,
[Matrix Outputs] Dynamics/comp_knee_4,/Matrix_Outputs/*/Dynamics/comp_knee_4,Float,0,2,RW,Compressor band 4 knee,,
[Matrix Outputs] Dynamics/comp_listen_1,/Matrix_Outputs/*/Dynamics/comp_listen_1,BFloat,0,1,RW,Compressor band 1 listen state,,
[Matrix Outputs] Dynamics/comp_listen_2,/Matrix_Outputs/*/Dynamics/comp_listen_2,BFloat,0,1,RW,Compressor band 2 listen state,,
[Matrix Outputs] Dynamics/comp_listen_3,/Matrix_Outputs/*/Dynamics/comp_listen_3,BFloat,0,1,RW,Compressor band 3 listen state,,
[Matrix Outputs] Dynamics/comp_LP_crossover,/Matrix_Outputs/*/Dynamics/comp_LP_crossover,Float,20,20000,RW,Compressor low-pass crossover frequency,Hz,
[Matrix Outputs] Dynamics/comp_ratio_1,/Matrix_Outputs/*/Dynamics/comp_ratio_1,Float,1,50,RW,Compressor band 1 ratio,:1,
[Matrix Outputs] Dynamics/comp_ratio_2,/Matrix_Outputs/*/Dynamics/comp_ratio_2,Float,1,50,RW,Compressor band 2 ratio,:1,
[Matrix Outputs] Dynamics/comp_ratio_3,/Matrix_Outputs/*/Dynamics/comp_ratio_3,Float,1,50,RW,Compressor band 3 ratio,:1,
[Matrix Outputs] Dynamics/comp_ratio_4,/Matrix_Outputs/*/Dynamics/comp_ratio_4,Float,1,50,RW,Compressor band 4 ratio,:1,
[Matrix Outputs] Dynamics/comp_release_1,/Matrix_Outputs/*/Dynamics/comp_release_1,Float,1,10000,RW,Compressor band 1 release time,ms,
[Matrix Outputs] Dynamics/comp_release_2,/Matrix_Outputs/*/Dynamics/comp_release_2,Float,1,10000,RW,Compressor band 2 release time,ms,
[Matrix Outputs] Dynamics/comp_release_3,/Matrix_Outputs/*/Dynamics/comp_release_3,Float,1,10000,RW,Compressor band 3 release time,ms,
[Matrix Outputs] Dynamics/comp_thresh_1,/Matrix_Outputs/*/Dynamics/comp_thresh_1,Float,-60,0,RW,Compressor band 1 threshold,dB,
[Matrix Outputs] Dynamics/comp_thresh_2,/Matrix_Outputs/*/Dynamics/comp_thresh_2,Float,-60,0,RW,Compressor band 2 threshold,dB,
[Matrix Outputs] Dynamics/comp_thresh_3,/Matrix_Outputs/*/Dynamics/comp_thresh_3,Float,-60,0,RW,Compressor band 3 threshold,dB,
[Matrix Outputs] Dynamics/Comp-Multiband-Desser,/Matrix_Outputs/*/Dynamics/comp_multiband-desser,Float,0,2,RW,Dynamics Mode,,
[Matrix Outputs] Dynamics/desser_centre_freq,/Matrix_Outputs/*/Dynamics/desser_centre_freq,Float,0,255,RW,De-esser centre frequency,,
[Matrix Outputs] Dynamics/desser_freq_width,/Matrix_Outputs/*/Dynamics/desser_freq_width,Float,0,255,RW,De-esser frequency width,,
[Matrix Outputs] Dynamics/gate_attack,/Matrix_Outputs/*/Dynamics/gate_attack,Float,0.05,100,RW,Gate attack time,ms,
[Matrix Outputs] Dynamics/gate_centre_freq,/Matrix_Outputs/*/Dynamics/gate_centre_freq,Float,0,255,RW,Gate/ducker centre frequency,,
[Matrix Outputs] Dynamics/gate_freq_width,/Matrix_Outputs/*/Dynamics/gate_freq_width,Float,0,255,RW,Gate/ducker frequency width,,
[Matrix Outputs] Dynamics/gate_hold,/Matrix_Outputs/*/Dynamics/gate_hold,Float,2,2000,RW,Gate hold time,ms,
[Matrix Outputs] Dynamics/gate_in,/Matrix_Outputs/*/Dynamics/gate_in,BFloat,0,1,RW,Gate enable state,,
[Matrix Outputs] Dynamics/gate_range,/Matrix_Outputs/*/Dynamics/gate_range,Float,0,90,RW,Gate range,dB,
[Matrix Outputs] Dynamics/gate_release,/Matrix_Outputs/*/Dynamics/gate_release,Float,5,10000,RW,Gate release time,ms,
[Matrix Outputs] Dynamics/gate_thresh,/Matrix_Outputs/*/Dynamics/gate_thresh,Float,-60,0,RW,Gate threshold,dB,
[Matrix Outputs] Dynamics/GR Meter 1,/Matrix_Outputs/*/Dynamics/GR_meter_1,Float,255,255,RW,Matrix output dynamics band 1 gain-reduction meter reading,,
[Matrix Outputs] Dynamics/GR Meter 2,/Matrix_Outputs/*/Dynamics/GR_meter_2,Float,255,255,RW,Matrix output dynamics band 2 gain-reduction meter reading,,
[Matrix Outputs] Dynamics/GR Meter 3,/Matrix_Outputs/*/Dynamics/GR_meter_3,Float,255,255,RW,Matrix output dynamics band 3 gain-reduction meter reading,,
[Matrix Outputs] Dynamics/GR Meter 4,/Matrix_Outputs/*/Dynamics/GR_meter_4,Float,255,255,RW,Matrix output dynamics band 4 gain-reduction meter reading,,
[Matrix Outputs] Dynamics/Input Meter/Left,/Matrix_Outputs/*/Dynamics/input_meter/left,Float,0,0,RW,Matrix output left-channel meter reading,,
[Matrix Outputs] Dynamics/Input Meter/Right,/Matrix_Outputs/*/Dynamics/input_meter/right,Float,0,0,RW,Matrix output right-channel meter reading,,
[Matrix Outputs] Dynamics/key_solo,/Matrix_Outputs/*/Dynamics/key_solo,BFloat,0,1,RW,Dynamics sidechain key solo/listen state,,
[Matrix Outputs] EQ/dynamic_eq_on_1,/Matrix_Outputs/*/EQ/dynamic_eq_on_1,BFloat,0,1,RW,Dynamic EQ band 1 enable state,,
[Matrix Outputs] EQ/dynamic_eq_on_2,/Matrix_Outputs/*/EQ/dynamic_eq_on_2,BFloat,0,1,RW,Dynamic EQ band 2 enable state,,
[Matrix Outputs] EQ/dynamic_eq_on_3,/Matrix_Outputs/*/EQ/dynamic_eq_on_3,BFloat,0,1,RW,Dynamic EQ band 3 enable state,,
[Matrix Outputs] EQ/dynamic_eq_on_4,/Matrix_Outputs/*/EQ/dynamic_eq_on_4,BFloat,0,1,RW,Dynamic EQ band 4 enable state,,
[Matrix Outputs] EQ/eq_attack_1,/Matrix_Outputs/*/EQ/eq_attack_1,Float,0.5,100,RW,EQ band 1 dynamic EQ attack time,ms,
[Matrix Outputs] EQ/eq_attack_2,/Matrix_Outputs/*/EQ/eq_attack_2,Float,0.5,100,RW,EQ band 2 dynamic EQ attack time,ms,
[Matrix Outputs] EQ/eq_attack_3,/Matrix_Outputs/*/EQ/eq_attack_3,Float,0.5,100,RW,EQ band 3 dynamic EQ attack time,ms,
[Matrix Outputs] EQ/eq_attack_4,/Matrix_Outputs/*/EQ/eq_attack_4,Float,0.5,100,RW,EQ band 4 dynamic EQ attack time,ms,
[Matrix Outputs] EQ/eq_curve_1,/Matrix_Outputs/*/EQ/eq_curve_1,Float,1,4,RW,EQ band 1 filter curve selection,,
[Matrix Outputs] EQ/eq_curve_2,/Matrix_Outputs/*/EQ/eq_curve_2,Float,1,4,RW,EQ band 2 filter curve selection,,
[Matrix Outputs] EQ/eq_curve_3,/Matrix_Outputs/*/EQ/eq_curve_3,Float,1,4,RW,EQ band 3 filter curve selection,,
[Matrix Outputs] EQ/eq_curve_4,/Matrix_Outputs/*/EQ/eq_curve_4,Float,1,4,RW,EQ band 4 filter curve selection,,
[Matrix Outputs] EQ/eq_freq_1,/Matrix_Outputs/*/EQ/eq_freq_1,Float,20,20000,RW,EQ band 1 frequency,Hz,
[Matrix Outputs] EQ/eq_freq_2,/Matrix_Outputs/*/EQ/eq_freq_2,Float,20,20000,RW,EQ band 2 frequency,Hz,
[Matrix Outputs] EQ/eq_freq_3,/Matrix_Outputs/*/EQ/eq_freq_3,Float,20,20000,RW,EQ band 3 frequency,Hz,
[Matrix Outputs] EQ/eq_freq_4,/Matrix_Outputs/*/EQ/eq_freq_4,Float,20,20000,RW,EQ band 4 frequency,Hz,
[Matrix Outputs] EQ/eq_gain_1,/Matrix_Outputs/*/EQ/eq_gain_1,Float,-18,18,RW,EQ band 1 gain,dB,
[Matrix Outputs] EQ/eq_gain_2,/Matrix_Outputs/*/EQ/eq_gain_2,Float,-18,18,RW,EQ band 2 gain,dB,
[Matrix Outputs] EQ/eq_gain_3,/Matrix_Outputs/*/EQ/eq_gain_3,Float,-18,18,RW,EQ band 3 gain,dB,
[Matrix Outputs] EQ/eq_gain_4,/Matrix_Outputs/*/EQ/eq_gain_4,Float,-18,18,RW,EQ band 4 gain,dB,
[Matrix Outputs] EQ/eq_in,/Matrix_Outputs/*/EQ/eq_in,BFloat,0,1,RW,Equalizer enable state,,
[Matrix Outputs] EQ/eq_on_1,/Matrix_Outputs/*/EQ/eq_on_1,BFloat,0,1,RW,EQ band 1 enable state,,
[Matrix Outputs] EQ/eq_on_2,/Matrix_Outputs/*/EQ/eq_on_2,BFloat,0,1,RW,EQ band 2 enable state,,
[Matrix Outputs] EQ/eq_on_3,/Matrix_Outputs/*/EQ/eq_on_3,BFloat,0,1,RW,EQ band 3 enable state,,
[Matrix Outputs] EQ/eq_on_4,/Matrix_Outputs/*/EQ/eq_on_4,BFloat,0,1,RW,EQ band 4 enable state,,
[Matrix Outputs] EQ/eq_over-under_1,/Matrix_Outputs/*/EQ/eq_over-under_1,BFloat,0,1,RW,EQ band 1 dynamic EQ over/under mode,,
[Matrix Outputs] EQ/eq_over-under_2,/Matrix_Outputs/*/EQ/eq_over-under_2,BFloat,0,1,RW,EQ band 2 dynamic EQ over/under mode,,
[Matrix Outputs] EQ/eq_over-under_3,/Matrix_Outputs/*/EQ/eq_over-under_3,BFloat,0,1,RW,EQ band 3 dynamic EQ over/under mode,,
[Matrix Outputs] EQ/eq_over-under_4,/Matrix_Outputs/*/EQ/eq_over-under_4,BFloat,0,1,RW,EQ band 4 dynamic EQ over/under mode,,
[Matrix Outputs] EQ/eq_Q_1,/Matrix_Outputs/*/EQ/eq_Q_1,Float,0.1,20,RW,EQ band 1 Q / bandwidth,,
[Matrix Outputs] EQ/eq_Q_2,/Matrix_Outputs/*/EQ/eq_Q_2,Float,0.1,20,RW,EQ band 2 Q / bandwidth,,
[Matrix Outputs] EQ/eq_Q_3,/Matrix_Outputs/*/EQ/eq_Q_3,Float,0.1,20,RW,EQ band 3 Q / bandwidth,,
[Matrix Outputs] EQ/eq_Q_4,/Matrix_Outputs/*/EQ/eq_Q_4,Float,0.1,20,RW,EQ band 4 Q / bandwidth,,
[Matrix Outputs] EQ/eq_ratio_1,/Matrix_Outputs/*/EQ/eq_ratio_1,Float,1,10,RW,EQ band 1 dynamic EQ ratio,:1,
[Matrix Outputs] EQ/eq_ratio_2,/Matrix_Outputs/*/EQ/eq_ratio_2,Float,1,10,RW,EQ band 2 dynamic EQ ratio,:1,
[Matrix Outputs] EQ/eq_ratio_3,/Matrix_Outputs/*/EQ/eq_ratio_3,Float,1,10,RW,EQ band 3 dynamic EQ ratio,:1,
[Matrix Outputs] EQ/eq_ratio_4,/Matrix_Outputs/*/EQ/eq_ratio_4,Float,1,10,RW,EQ band 4 dynamic EQ ratio,:1,
[Matrix Outputs] EQ/eq_release_1,/Matrix_Outputs/*/EQ/eq_release_1,Float,10,10000,RW,EQ band 1 dynamic EQ release time,ms,
[Matrix Outputs] EQ/eq_release_2,/Matrix_Outputs/*/EQ/eq_release_2,Float,10,10000,RW,EQ band 2 dynamic EQ release time,ms,
[Matrix Outputs] EQ/eq_release_3,/Matrix_Outputs/*/EQ/eq_release_3,Float,10,10000,RW,EQ band 3 dynamic EQ release time,ms,
[Matrix Outputs] EQ/eq_release_4,/Matrix_Outputs/*/EQ/eq_release_4,Float,10,10000,RW,EQ band 4 dynamic EQ release time,ms,
[Matrix Outputs] EQ/eq_symm_Q_1,/Matrix_Outputs/*/EQ/eq_symm_Q_1,BFloat,0,1,RW,EQ band 1 symmetric Q mode,,
[Matrix Outputs] EQ/eq_symm_Q_2,/Matrix_Outputs/*/EQ/eq_symm_Q_2,BFloat,0,1,RW,EQ band 2 symmetric Q mode,,
[Matrix Outputs] EQ/eq_symm_Q_3,/Matrix_Outputs/*/EQ/eq_symm_Q_3,BFloat,0,1,RW,EQ band 3 symmetric Q mode,,
[Matrix Outputs] EQ/eq_symm_Q_4,/Matrix_Outputs/*/EQ/eq_symm_Q_4,BFloat,0,1,RW,EQ band 4 symmetric Q mode,,
[Matrix Outputs] EQ/eq_thresh_1,/Matrix_Outputs/*/EQ/eq_thresh_1,Float,-60,0,RW,EQ band 1 dynamic EQ threshold,dB,
[Matrix Outputs] EQ/eq_thresh_2,/Matrix_Outputs/*/EQ/eq_thresh_2,Float,-60,0,RW,EQ band 2 dynamic EQ threshold,dB,
[Matrix Outputs] EQ/eq_thresh_3,/Matrix_Outputs/*/EQ/eq_thresh_3,Float,-60,0,RW,EQ band 3 dynamic EQ threshold,dB,
[Matrix Outputs] EQ/eq_thresh_4,/Matrix_Outputs/*/EQ/eq_thresh_4,Float,-60,0,RW,EQ band 4 dynamic EQ threshold,dB,
[Matrix Outputs] EQ/GR Meter 1,/Matrix_Outputs/*/EQ/GR_meter_1,Float,255,255,RW,Matrix output dynamics band 1 gain-reduction meter reading,,
[Matrix Outputs] EQ/GR Meter 2,/Matrix_Outputs/*/EQ/GR_meter_2,Float,255,255,RW,Matrix output dynamics band 2 gain-reduction meter reading,,
[Matrix Outputs] EQ/GR Meter 3,/Matrix_Outputs/*/EQ/GR_meter_3,Float,255,255,RW,Matrix output dynamics band 3 gain-reduction meter reading,,
[Matrix Outputs] EQ/GR Meter 4,/Matrix_Outputs/*/EQ/GR_meter_4,Float,255,255,RW,Matrix output dynamics band 4 gain-reduction meter reading,,
[Matrix Outputs] Fader,/Matrix_Outputs/*/fader,Float,-150,10,RW,Matrix output fader level,dB,
[Matrix Outputs] Fader Meter/Left,/Matrix_Outputs/*/fader_meter/left,Float,2,2,RW,Matrix output left-channel meter reading,,
[Matrix Outputs] Fader Meter/Right,/Matrix_Outputs/*/fader_meter/right,Float,2,2,RW,Matrix output right-channel meter reading,,
[Matrix Outputs] Filters/Hi Filter Freq,/Matrix_Outputs/*/Filters/hi_filter_freq,Float,20000,20000,RW,High-pass filter cutoff frequency,,
[Matrix Outputs] Filters/Hi Filter In,/Matrix_Outputs/*/Filters/hi_filter_in,BFloat,0,1,RW,High-pass filter enable state,,
[Matrix Outputs] Filters/Lo Filter Freq,/Matrix_Outputs/*/Filters/lo_filter_freq,Float,20,20,RW,Low-pass filter cutoff frequency,,
[Matrix Outputs] Filters/Lo Filter In,/Matrix_Outputs/*/Filters/lo_filter_in,BFloat,0,1,RW,Low-pass filter enable state,,
[Matrix Outputs] Hard Mute,/Matrix_Outputs/*/hard_mute,BFloat,0,1,RW,Hard mute state,,
[Matrix Outputs] Insert/insert_A_in,/Matrix_Outputs/*/Insert/insert_A_in,BFloat,0,1,RW,Insert A enable state,,
[Matrix Outputs] Insert/insert_B_in,/Matrix_Outputs/*/Insert/insert_B_in,BFloat,0,1,RW,Insert B enable state,,
[Matrix Outputs] Mute,/Matrix_Outputs/*/mute,BFloat,0,1,RW,Matrix output mute state.,,
[Matrix Outputs] Output/Dir Meter/Left,/Matrix_Outputs/*/Output/dir_meter/left,Float,0,0,RW,Matrix output left-channel meter reading,,
[Matrix Outputs] Output/Dir Meter/Right,/Matrix_Outputs/*/Output/dir_meter/right,Float,0,0,RW,Matrix output right-channel meter reading,,
[Matrix Outputs] Output/Meter/Centre,/Matrix_Outputs/*/Output/meter/centre,Float,0,0,RW,Matrix output centre-channel meter reading,,
[Matrix Outputs] Output/Meter/Left,/Matrix_Outputs/*/Output/meter/left,Float,0,0,RW,Matrix output left-channel meter reading,,
[Matrix Outputs] Output/Meter/LFE,/Matrix_Outputs/*/Output/meter/LFE,Float,0,0,RW,Matrix output LFE-channel meter reading,,
[Matrix Outputs] Output/Meter/Right,/Matrix_Outputs/*/Output/meter/right,Float,0,0,RW,Matrix output right-channel meter reading,,
[Matrix Outputs] Output/Meter/SL,/Matrix_Outputs/*/Output/meter/SL,Float,0,0,RW,Matrix output surround-left meter reading,,
[Matrix Outputs] Output/Meter/SR,/Matrix_Outputs/*/Output/meter/SR,Float,0,0,RW,Matrix output surround-right meter reading,,
[Matrix Outputs] Output/Meter2,/Matrix_Outputs/*/Output/meter2,Float,0,0,RW,Matrix output output meter 2 reading,,
[Matrix Outputs] Output/Meter4,/Matrix_Outputs/*/Output/meter4,Float,0,0,RW,Matrix output output meter 4 reading,,
[Matrix Outputs] Solo,/Matrix_Outputs/*/solo,BFloat,0,1,RW,Matrix output solo state,,
[Matrix Outputs] Solo 1 Or 2,/Matrix_Outputs/*/solo_1_or_2,Float,0,2,RW,"Matrix output solo bus routing: Solo 1, Solo 2, or both",,
[Meters] Clear,/Meters/clear,NoArgs,,,RW,Clear meters,,
[Meters] Request,/Meters/request/*,String,,,RW,Request meter data for the selected item,,
[Meters] Values,/Meters/values,Int,0,10,RW,Meter values response,,
[Multis] Fader,/Multis/*/fader,Float,-150,10,RW,Multi channel fader level.,dB,
[Multis] Mute,/Multis/*/mute,BFloat,0,1,RW,Multi channel mute state.,,
[Multis] Name,/Multis/*/name,String,,,RW,Multi channel name.,,
[Multis] Solo,/Multis/*/solo,BFloat,0,1,RW,Multi channel solo state.,,
[Presets] Preset Count,/Presets/count,Int,0,9999,R,Number of presets,,
[Presets] Preset Info,/Presets/name,Int,0,9999,R,Preset info by index,,json_by_index
[Presets] Preset Names,/Presets/names,NoArgs,,,R,Names list,,
[Presets] Delete Preset,/Presets/Delete_Preset/*,NoArgs,,,W,Deletes the specified preset,,
[Presets] Lock Preset,/Presets/Lock_Preset/*,BInt,0,1,RW,Preset lock state,,
[Presets] New Preset,/Presets/New_Preset,String,,,W,Creates a preset,,
[Presets] Recall Preset,/Presets/Recall_Preset/*,String,,,W,Recalls the selected preset,,
[Presets] Recall Scope,/Presets/Recall_Scope,Int,0,2,W,Preset recall scope,,
[Presets] Rename Preset,/Presets/Rename_Preset/*,String,,,RW,Renames the specified preset,,
[Presets] Rename Preset Group,/Presets/Rename_Preset_Group/*,String,,,RW,Renames the specified preset group,,
[Presets] Update Preset,/Presets/Update_Preset/*,String,,,RW,Updates the specified preset,,
[Snapshots] Change Surface Snapshot,/Snapshots/Change_Surface_Snapshot/*,NoArgs,,,W,Selects a snapshot on the console surface,,
[Snapshots] Current Snapshot,/Snapshots/Current_Snapshot,Int,-1,9999,R,Index of the currently selected snapshot,,
[Snapshots] Delete Snapshot,/Snapshots/Delete_Snapshot/*,NoArgs,,,W,Delete a snapshot,,
[Snapshots] End Recall Snapshot,/Snapshots/End_Recall_Snapshot,NoArgs,,,R,End the current snapshot recall,,
[Snapshots] Fire Next Snapshot,/Snapshots/Fire_Next_Snapshot,NoArgs,,,RW,Fires the next snapshot,,
[Snapshots] Fire Previous Snapshot,/Snapshots/Fire_Prev_Snapshot,NoArgs,,,RW,Fires the previous snapshot,,
[Snapshots] Fire Selected Snapshot,/Snapshots/Fire_Selected_Snapshot,NoArgs,,,RW,Fires the selected snapshot,,
[Snapshots] Fire Snapshot Number,/Snapshots/Fire_Snapshot/,NoArgs,,,,Fires the specified snapshot,,
[Snapshots] Fire Snapshot Sends MIDI,/Snapshots/Fire_Snapshot_sends_MIDI,BInt,0,1,RW,Snapshot MIDI-send enable state,,
[Snapshots] Insert New Snapshot,/Snapshots/Insert_New_Snapshot,NoArgs,,,W,Insert a new snapshot AFTER the currently selected Snapshot,
[Snapshots] Insert New Snapshot/Update Waves Only,/Snapshots/Insert_New_Snapshot/Update_Waves_Only,BInt,0,1,RW,Whether snapshot insertion updates Waves processing only,,
[Snapshots] MIDI Fires Snapshots,/Snapshots/MIDI_fires_Snapshots,BInt,0,1,RW,Enable snapshot recall from MIDI,,
[Snapshots] Move Snapshot,/Snapshots/Move_Snapshot,Int,0,9999,RW,Moves a snapshot to a different position,,
[Snapshots] Snapshot Info,/Snapshots/name,Int,0,9999,R,Snapshot info by index,,json_by_index
[Snapshots] New Snapshot,/Snapshots/New_Snapshot/*,NoArgs,,,W,Add a new snapshot before this Snapshot,,
[Snapshots] Notes,/Snapshots/notes,Int,0,9999,R,Snapshot notes text,,
[Snapshots] Recall Snapshot,/Snapshots/Recall_Snapshot/*,NoArgs,,,W,Recall the specified snapshot,,
[Snapshots] Rename Snapshot,/Snapshots/Rename_Snapshot/*,String,,,RW,Rename a snapshot,,
[Snapshots] Renumber Snapshot,/Snapshots/Renumber_Snapshot/*,Int,0,32767,W,Change a snapshot number,,
[Snapshots] Snapshot Count,/Snapshots/count,Int,0,9999,R,Number of snapshots,,
[Snapshots] Surface Snapshot,/Snapshots/Change_Surface_Snapshot/*,NoArgs,,,W,Change Selected Snapshot,,
[Snapshots] Undo Snapshot,/Snapshots/Undo_Snapshot,NoArgs,,,W,Undoes the last snapshot recall,,
[Snapshots] Update Current Snapshot,/Snapshots/Update_Current_Snapshot,NoArgs,,,W,Update the current snapshot,,
[Snapshots] Update Snapshot,/Snapshots/Update_Snapshot/*,NoArgs,,,W,Update (overwrite) this Snapshot,,
[Snapshots] Update Snapshot Group,/Snapshots/Update_Snapshot_Group,Int,0,9999,RW,Update snapshot group,,
[TalkBack Input] Channel Input/analog_gain,/TalkBack_Input/Channel_Input/analog_gain,NoArgs,,,,Analog preamp gain,,
